,지하철역,주소,xpos,ypos,법정동,법정동코드,B_시도명,B_시군구,B_동,행정동,행정동코드,H_시도명,H_시군구,H_동
0,남영,서울특별시 용산구 갈월동,126.9713,37.541021,B,1117010400,서울특별시,용산구,갈월동,H,1117053000,서울특별시,용산구,남영동
1,용산,서울특별시 용산구 한강로3가,126.964561,37.529849,B,1117012800,서울특별시,용산구,한강로3가,H,1117062500,서울특별시,용산구,한강로동
2,노량진,서울특별시 동작구 노량진동,126.942454,37.514219,B,1159010100,서울특별시,동작구,노량진동,H,1159051000,서울특별시,동작구,노량진1동
3,대방,서울특별시 영등포구 신길동,126.926382,37.513342,B,1156013200,서울특별시,영등포구,신길동,H,1156069000,서울특별시,영등포구,신길7동
4,영등포,서울특별시 영등포구 영등포동,126.907628,37.515504,B,1156010100,서울특별시,영등포구,영등포동,H,1156051500,서울특별시,영등포구,영등포본동
5,신도림,서울특별시 구로구 신도림동,126.891295,37.508725,B,1153010100,서울특별시,구로구,신도림동,H,1153056000,서울특별시,구로구,구로5동
6,회기,서울특별시 동대문구 휘경동,127.057583,37.58946,B,1123010900,서울특별시,동대문구,휘경동,H,1123072000,서울특별시,동대문구,휘경1동
7,외대앞,서울특별시 동대문구 이문동,127.063549,37.596073,B,1123011000,서울특별시,동대문구,이문동,H,1123074000,서울특별시,동대문구,이문1동
8,신이문,서울특별시 동대문구 이문동,127.067325,37.601854,B,1123011000,서울특별시,동대문구,이문동,H,1123075000,서울특별시,동대문구,이문2동
9,광운대,서울특별시 노원구 월계동,127.061835,37.623632,B,1135010200,서울특별시,노원구,월계동,H,1135056000,서울특별시,노원구,월계1동
10,월계,서울특별시 노원구 월계동,127.058831,37.633212,B,1135010200,서울특별시,노원구,월계동,H,1135057000,서울특별시,노원구,월계2동
11,녹천,서울특별시 도봉구 창동,127.051269,37.644799,B,1132010700,서울특별시,도봉구,창동,H,1132051100,서울특별시,도봉구,창1동
12,창동,서울특별시 도봉구 창동,127.047731,37.653166,B,1132010700,서울특별시,도봉구,창동,H,1132051500,서울특별시,도봉구,창5동
13,신길,서울특별시 영등포구 신길동,126.917169,37.517122,B,1156013200,서울특별시,영등포구,신길동,H,1156063000,서울특별시,영등포구,신길1동
14,석계,서울특별시 성북구 석관동,127.065851,37.614805,B,1129013900,서울특별시,성북구,석관동,H,1129081000,서울특별시,성북구,석관동
15,구로,서울특별시 구로구 구로동,126.881966,37.503039,B,1153010200,서울특별시,구로구,구로동,H,1153056000,서울특별시,구로구,구로5동
16,가산디지털단지,서울특별시 금천구 가산동,126.882343,37.481072,B,1154510100,서울특별시,금천구,가산동,H,1154551000,서울특별시,금천구,가산동
17,금천구청,서울특별시 금천구 시흥동,126.89398,37.455626,B,1154510300,서울특별시,금천구,시흥동,H,1154567000,서울특별시,금천구,시흥1동
18,독산,서울특별시 금천구 가산동,126.889249,37.466613,B,1154510100,서울특별시,금천구,가산동,H,1154551000,서울특별시,금천구,가산동
19,개봉,서울특별시 구로구 개봉동,126.85868,37.494594,B,1153010700,서울특별시,구로구,개봉동,H,1153075000,서울특별시,구로구,개봉2동
20,오류동,서울특별시 구로구 오류동,126.845365,37.494526,B,1153010800,서울특별시,구로구,오류동,H,1153078000,서울특별시,구로구,오류2동
21,구일,서울특별시 구로구 구로동,126.870793,37.496756,B,1153010200,서울특별시,구로구,구로동,H,1153053000,서울특별시,구로구,구로2동
22,온수,서울특별시 구로구 온수동,126.823388,37.492258,B,1153011000,서울특별시,구로구,온수동,H,1153079000,서울특별시,구로구,수궁동
23,방학,서울특별시 도봉구 방학동,127.044273,37.667503,B,1132010600,서울특별시,도봉구,방학동,H,1132069000,서울특별시,도봉구,방학1동
24,도봉,서울특별시 도봉구 도봉동,127.045595,37.679563,B,1132010800,서울특별시,도봉구,도봉동,H,1132052200,서울특별시,도봉구,도봉2동
25,도봉산,서울특별시 도봉구 도봉동,127.046222,37.689313,B,1132010800,서울특별시,도봉구,도봉동,H,1132052200,서울특별시,도봉구,도봉2동
26,종로3가,서울특별시 종로구 묘동,126.991806,37.571607,B,1111015100,서울특별시,종로구,묘동,H,1111061500,서울특별시,종로구,종로1.2.3.4가동
27,종로5가,서울특별시 종로구 종로5가,127.001849,37.570926,B,1111016300,서울특별시,종로구,종로5가,H,1111063000,서울특별시,종로구,종로5.6가동
28,동대문,서울특별시 종로구 종로6가,127.009745,37.57142,B,1111016400,서울특별시,종로구,종로6가,H,1111063000,서울특별시,종로구,종로5.6가동
29,신설동,서울특별시 동대문구 신설동,127.025087,37.575297,B,1123010100,서울특별시,동대문구,신설동,H,1123053600,서울특별시,동대문구,용신동
30,제기동,서울특별시 동대문구 용두동,127.034893,37.578103,B,1123010200,서울특별시,동대문구,용두동,H,1123053600,서울특별시,동대문구,용신동
31,청량리,서울특별시 동대문구 전농동,127.046835,37.580178,B,1123010400,서울특별시,동대문구,전농동,H,1123056000,서울특별시,동대문구,전농1동
32,동묘앞,서울특별시 종로구 숭인동,127.016429,37.572627,B,1111017500,서울특별시,종로구,숭인동,H,1111071000,서울특별시,종로구,숭인2동
33,서울,서울특별시 중구 봉래동2가,126.972559,37.554648,B,1114012000,서울특별시,중구,봉래동2가,H,1114054000,서울특별시,중구,회현동
34,시청,서울특별시 중구 태평로2가,126.977108,37.564718,B,1114011400,서울특별시,중구,태평로2가,H,1114052000,서울특별시,중구,소공동
35,종각,서울특별시 종로구 종로1가,126.982923,37.570161,B,1111012600,서울특별시,종로구,종로1가,H,1111061500,서울특별시,종로구,종로1.2.3.4가동
36,강변,서울특별시 광진구 구의동,127.094681,37.535095,B,1121510300,서울특별시,광진구,구의동,H,1121587000,서울특별시,광진구,구의3동
37,잠실나루,서울특별시 송파구 신천동,127.10379,37.520733,B,1171010200,서울특별시,송파구,신천동,H,1171071000,서울특별시,송파구,잠실6동
38,잠실,서울특별시 송파구 신천동,127.102234,37.51395,B,1171010200,서울특별시,송파구,신천동,H,1171071000,서울특별시,송파구,잠실6동
39,잠실새내,서울특별시 송파구 잠실동,127.086162,37.511687,B,1171010100,서울특별시,송파구,잠실동,H,1171067000,서울특별시,송파구,잠실2동
40,종합운동장,서울특별시 송파구 잠실동,127.073642,37.510997,B,1171010100,서울특별시,송파구,잠실동,H,1171072000,서울특별시,송파구,잠실7동
41,삼성,서울특별시 강남구 대치동,127.06316,37.508844,B,1168010600,서울특별시,강남구,대치동,H,1168061000,서울특별시,강남구,대치2동
42,선릉,서울특별시 강남구 대치동,127.049008,37.504503,B,1168010600,서울특별시,강남구,대치동,H,1168063000,서울특별시,강남구,대치4동
43,역삼,서울특별시 강남구 역삼동,127.036456,37.500622,B,1168010100,서울특별시,강남구,역삼동,H,1168064000,서울특별시,강남구,역삼1동
44,강남,서울특별시 서초구 서초동,127.027926,37.497175,B,1165010800,서울특별시,서초구,서초동,H,1165052000,서울특별시,서초구,서초2동
45,교대,서울특별시 서초구 서초동,127.01408,37.493415,B,1165010800,서울특별시,서초구,서초동,H,1165051000,서울특별시,서초구,서초1동
46,방배,서울특별시 서초구 방배동,126.997596,37.481426,B,1165010100,서울특별시,서초구,방배동,H,1165062000,서울특별시,서초구,방배3동
47,사당,서울특별시 관악구 남현동,126.981685,37.47653,B,1162010300,서울특별시,관악구,남현동,H,1162063000,서울특별시,관악구,남현동
48,낙성대,서울특별시 관악구 봉천동,126.963693,37.47693,B,1162010100,서울특별시,관악구,봉천동,H,1162062500,서울특별시,관악구,인헌동
49,서울대입구,서울특별시 관악구 봉천동,126.952739,37.481247,B,1162010100,서울특별시,관악구,봉천동,H,1162061500,서울특별시,관악구,중앙동
50,봉천,서울특별시 관악구 봉천동,126.941892,37.482362,B,1162010100,서울특별시,관악구,봉천동,H,1162059500,서울특별시,관악구,청룡동
51,신림,서울특별시 관악구 신림동,126.929715,37.484201,B,1162010200,서울특별시,관악구,신림동,H,1162064500,서울특별시,관악구,서원동
52,신대방,서울특별시 관악구 신림동,126.913149,37.487462,B,1162010200,서울특별시,관악구,신림동,H,1162068500,서울특별시,관악구,신사동
53,구로디지털단지,서울특별시 구로구 구로동,126.901401,37.485266,B,1153010200,서울특별시,구로구,구로동,H,1153054000,서울특별시,구로구,구로3동
54,신도림,서울특별시 구로구 신도림동,126.891295,37.508725,B,1153010100,서울특별시,구로구,신도림동,H,1153056000,서울특별시,구로구,구로5동
55,문래,서울특별시 영등포구 문래동3가,126.89476,37.517933,B,1156012100,서울특별시,영등포구,문래동3가,H,1156060500,서울특별시,영등포구,문래동
56,영등포구청,서울특별시 영등포구 당산동3가,126.895951,37.52497,B,1156011300,서울특별시,영등포구,당산동3가,H,1156055000,서울특별시,영등포구,당산1동
57,용답,서울특별시 성동구 사근동,127.050899,37.561904,B,1120010600,서울특별시,성동구,사근동,H,1120079000,서울특별시,성동구,용답동
58,신정네거리,서울특별시 양천구 신정동,126.852912,37.520074,B,1147010100,서울특별시,양천구,신정동,H,1147064000,서울특별시,양천구,신정3동
59,을지로입구,서울특별시 중구 을지로1가,126.982618,37.566014,B,1114010400,서울특별시,중구,을지로1가,H,1114055000,서울특별시,중구,명동
60,을지로3가,서울특별시 중구 을지로3가,126.99191,37.566295,B,1114015500,서울특별시,중구,을지로3가,H,1114060500,서울특별시,중구,을지로동
61,을지로4가,서울특별시 중구 을지로4가,126.998079,37.566941,B,1114015000,서울특별시,중구,을지로4가,H,1114060500,서울특별시,중구,을지로동
62,동대문역사문화공원,서울특별시 중구 을지로7가,127.007896,37.565138,B,1114014900,서울특별시,중구,을지로7가,H,1114059000,서울특별시,중구,광희동
63,신당,서울특별시 중구 흥인동,127.01782,37.565972,B,1114016300,서울특별시,중구,흥인동,H,1114061500,서울특별시,중구,신당동
64,한양대,서울특별시 성동구 행당동,127.043655,37.555273,B,1120010700,서울특별시,성동구,행당동,H,1120055000,서울특별시,성동구,사근동
65,뚝섬,서울특별시 성동구 성수동1가,127.047367,37.547184,B,1120011400,서울특별시,성동구,성수동1가,H,1120066000,서울특별시,성동구,성수1가2동
66,성수,서울특별시 성동구 성수동2가,127.055961,37.544581,B,1120011500,서울특별시,성동구,성수동2가,H,1120069000,서울특별시,성동구,성수2가3동
67,건대입구,서울특별시 광진구 화양동,127.07023,37.540693,B,1121510700,서울특별시,광진구,화양동,H,1121571000,서울특별시,광진구,화양동
68,구의,서울특별시 광진구 자양동,127.085916,37.537077,B,1121510500,서울특별시,광진구,자양동,H,1121583000,서울특별시,광진구,자양2동
69,당산,서울특별시 영등포구 당산동6가,126.902281,37.53438,B,1156011600,서울특별시,영등포구,당산동6가,H,1156056000,서울특별시,영등포구,당산2동
70,합정,서울특별시 마포구 합정동,126.913739,37.549463,B,1144012200,서울특별시,마포구,합정동,H,1144068000,서울특별시,마포구,합정동
71,홍대입구,서울특별시 마포구 동교동,126.925381,37.557192,B,1144012100,서울특별시,마포구,동교동,H,1144066000,서울특별시,마포구,서교동
72,신촌,서울특별시 서대문구 창천동,126.936893,37.555134,B,1141011600,서울특별시,서대문구,창천동,H,1141058500,서울특별시,서대문구,신촌동
73,이대,서울특별시 마포구 대흥동,126.946013,37.556733,B,1144010800,서울특별시,마포구,대흥동,H,1144060000,서울특별시,마포구,대흥동
74,아현,서울특별시 마포구 아현동,126.956141,37.557345,B,1144010100,서울특별시,마포구,아현동,H,1144055500,서울특별시,마포구,아현동
75,충정로,서울특별시 서대문구 충정로3가,126.963672,37.559973,B,1141010200,서울특별시,서대문구,충정로3가,H,1141056500,서울특별시,서대문구,충현동
76,신답,서울특별시 성동구 용답동,127.046481,37.57004,B,1120012200,서울특별시,성동구,용답동,H,1120079000,서울특별시,성동구,용답동
77,까치산,서울특별시 강서구 화곡동,126.846683,37.531768,B,1150010300,서울특별시,강서구,화곡동,H,1150054000,서울특별시,강서구,화곡1동
78,시청,서울특별시 중구 태평로2가,126.977108,37.564718,B,1114011400,서울특별시,중구,태평로2가,H,1114052000,서울특별시,중구,소공동
79,서초,서울특별시 서초구 서초동,127.007917,37.491897,B,1165010800,서울특별시,서초구,서초동,H,1165053000,서울특별시,서초구,서초3동
80,왕십리,서울특별시 성동구 행당동,127.037732,37.561533,B,1120010700,서울특별시,성동구,행당동,H,1120056000,서울특별시,성동구,행당1동
81,상왕십리,서울특별시 성동구 하왕십리동,127.029354,37.564354,B,1120010200,서울특별시,성동구,하왕십리동,H,1120052000,서울특별시,성동구,왕십리2동
82,대림,서울특별시 영등포구 대림동,126.895801,37.49297,B,1156013300,서울특별시,영등포구,대림동,H,1156072000,서울특별시,영등포구,대림3동
83,신설동,서울특별시 동대문구 신설동,127.025087,37.575297,B,1123010100,서울특별시,동대문구,신설동,H,1123053600,서울특별시,동대문구,용신동
84,도림천,서울특별시 구로구 신도림동,126.882768,37.514287,B,1153010100,서울특별시,구로구,신도림동,H,1153051000,서울특별시,구로구,신도림동
85,양천구청,서울특별시 양천구 신정동,126.865819,37.512398,B,1147010100,서울특별시,양천구,신정동,H,1147068000,서울특별시,양천구,신정7동
86,용두,서울특별시 동대문구 용두동,127.038091,37.574028,B,1123010200,서울특별시,동대문구,용두동,H,1123053600,서울특별시,동대문구,용신동
87,양재,서울특별시 서초구 양재동,127.034631,37.484147,B,1165010200,서울특별시,서초구,양재동,H,1165065100,서울특별시,서초구,양재1동
88,매봉,서울특별시 강남구 도곡동,127.046769,37.486947,B,1168011800,서울특별시,강남구,도곡동,H,1168065600,서울특별시,강남구,도곡2동
89,도곡,서울특별시 강남구 도곡동,127.055381,37.490858,B,1168011800,서울특별시,강남구,도곡동,H,1168065600,서울특별시,강남구,도곡2동
90,대치,서울특별시 강남구 대치동,127.063642,37.494612,B,1168010600,서울특별시,강남구,대치동,H,1168061000,서울특별시,강남구,대치2동
91,학여울,서울특별시 강남구 대치동,127.070594,37.496663,B,1168010600,서울특별시,강남구,대치동,H,1168061000,서울특별시,강남구,대치2동
92,대청,서울특별시 강남구 일원동,127.079532,37.493514,B,1168011400,서울특별시,강남구,일원동,H,1168074000,서울특별시,강남구,일원2동
93,일원,서울특별시 강남구 일원동,127.08439,37.483681,B,1168011400,서울특별시,강남구,일원동,H,1168072000,서울특별시,강남구,일원본동
94,수서,서울특별시 강남구 수서동,127.10188,37.487371,B,1168011500,서울특별시,강남구,수서동,H,1168075000,서울특별시,강남구,수서동
95,동대입구,서울특별시 중구 장충동2가,127.005602,37.559052,B,1114014400,서울특별시,중구,장충동2가,H,1114058000,서울특별시,중구,장충동
96,금호,서울특별시 성동구 금호동4가,127.015872,37.548034,B,1120011200,서울특별시,성동구,금호동4가,H,1120062000,서울특별시,성동구,금호4가동
97,옥수,서울특별시 성동구 옥수동,127.017965,37.540685,B,1120011300,서울특별시,성동구,옥수동,H,1120064500,서울특별시,성동구,옥수동
98,압구정,서울특별시 강남구 신사동,127.028461,37.527072,B,1168010700,서울특별시,강남구,신사동,H,1168054500,서울특별시,강남구,압구정동
99,신사,서울특별시 강남구 논현동,127.020114,37.516334,B,1168010800,서울특별시,강남구,논현동,H,1168052100,서울특별시,강남구,논현1동
100,잠원,서울특별시 서초구 잠원동,127.01122,37.512759,B,1165010600,서울특별시,서초구,잠원동,H,1165054000,서울특별시,서초구,잠원동
101,고속터미널,서울특별시 서초구 반포동,127.004943,37.50481,B,1165010700,서울특별시,서초구,반포동,H,1165058100,서울특별시,서초구,반포4동
102,교대,서울특별시 서초구 서초동,127.01408,37.493415,B,1165010800,서울특별시,서초구,서초동,H,1165051000,서울특별시,서초구,서초1동
103,남부터미널,서울특별시 서초구 서초동,127.016189,37.485013,B,1165010800,서울특별시,서초구,서초동,H,1165053000,서울특별시,서초구,서초3동
104,경복궁,서울특별시 종로구 적선동,126.97353,37.575762,B,1111010700,서울특별시,종로구,적선동,H,1111053000,서울특별시,종로구,사직동
105,안국,서울특별시 종로구 경운동,126.985443,37.576477,B,1111013400,서울특별시,종로구,경운동,H,1111061500,서울특별시,종로구,종로1.2.3.4가동
106,종로3가,서울특별시 종로구 묘동,126.991806,37.571607,B,1111015100,서울특별시,종로구,묘동,H,1111061500,서울특별시,종로구,종로1.2.3.4가동
107,을지로3가,서울특별시 중구 을지로3가,126.99191,37.566295,B,1114015500,서울특별시,중구,을지로3가,H,1114060500,서울특별시,중구,을지로동
108,구파발,서울특별시 은평구 진관동,126.918821,37.636763,B,1138011400,서울특별시,은평구,진관동,H,1138069000,서울특별시,은평구,진관동
109,연신내,서울특별시 은평구 갈현동,126.921008,37.619001,B,1138010400,서울특별시,은평구,갈현동,H,1138055100,서울특별시,은평구,갈현1동
110,불광,서울특별시 은평구 대조동,126.929887,37.610469,B,1138010600,서울특별시,은평구,대조동,H,1138057000,서울특별시,은평구,대조동
111,녹번,서울특별시 은평구 녹번동,126.935756,37.600927,B,1138010200,서울특별시,은평구,녹번동,H,1138051000,서울특별시,은평구,녹번동
112,홍제,서울특별시 서대문구 홍제동,126.943736,37.589066,B,1141011100,서울특별시,서대문구,홍제동,H,1141062000,서울특별시,서대문구,홍제1동
113,무악재,서울특별시 서대문구 홍제동,126.950291,37.582299,B,1141011100,서울특별시,서대문구,홍제동,H,1141062000,서울특별시,서대문구,홍제1동
114,독립문,서울특별시 종로구 무악동,126.957748,37.574571,B,1111018700,서울특별시,종로구,무악동,H,1141052000,서울특별시,서대문구,천연동
115,가락시장,서울특별시 송파구 가락동,127.118234,37.492522,B,1171010700,서울특별시,송파구,가락동,H,1171063100,서울특별시,송파구,가락1동
116,경찰병원,서울특별시 송파구 가락동,127.12454,37.495918,B,1171010700,서울특별시,송파구,가락동,H,1171063200,서울특별시,송파구,가락2동
117,오금,서울특별시 송파구 오금동,127.128111,37.502162,B,1171011200,서울특별시,송파구,오금동,H,1171057000,서울특별시,송파구,오금동
118,약수,서울특별시 중구 신당동,127.010655,37.55434,B,1114016200,서울특별시,중구,신당동,H,1114063500,서울특별시,중구,약수동
119,충무로,서울특별시 중구 필동2가,126.99428,37.561243,B,1114013800,서울특별시,중구,필동2가,H,1114057000,서울특별시,중구,필동
120,남태령,서울특별시 서초구 방배동,126.989134,37.463873,B,1165010100,서울특별시,서초구,방배동,H,1165061000,서울특별시,서초구,방배2동
121,당고개,서울특별시 노원구 상계동,127.079066,37.670272,B,1135010500,서울특별시,노원구,상계동,H,1135066500,서울특별시,노원구,상계3.4동
122,상계,서울특별시 노원구 상계동,127.073572,37.660878,B,1135010500,서울특별시,노원구,상계동,H,1135067000,서울특별시,노원구,상계5동
123,노원,서울특별시 노원구 상계동,127.061368,37.655128,B,1135010500,서울특별시,노원구,상계동,H,1135064000,서울특별시,노원구,상계2동
124,창동,서울특별시 도봉구 창동,127.047731,37.653166,B,1132010700,서울특별시,도봉구,창동,H,1132051500,서울특별시,도봉구,창5동
125,쌍문,서울특별시 도봉구 창동,127.034709,37.648627,B,1132010700,서울특별시,도봉구,창동,H,1132051100,서울특별시,도봉구,창1동
126,수유,서울특별시 강북구 번동,127.025732,37.638052,B,1130510200,서울특별시,강북구,번동,H,1130559500,서울특별시,강북구,번1동
127,미아,서울특별시 강북구 미아동,127.025983,37.62667,B,1130510100,서울특별시,강북구,미아동,H,1130553500,서울특별시,강북구,미아동
128,미아사거리,서울특별시 강북구 미아동,127.030053,37.613292,B,1130510100,서울특별시,강북구,미아동,H,1130554500,서울특별시,강북구,송중동
129,길음,서울특별시 성북구 길음동,127.025053,37.603407,B,1129013400,서울특별시,성북구,길음동,H,1129066000,서울특별시,성북구,길음1동
130,성신여대입구,서울특별시 성북구 동소문동5가,127.016403,37.592624,B,1129010800,서울특별시,성북구,동소문동5가,H,1129055500,서울특별시,성북구,삼선동
131,한성대입구,서울특별시 성북구 삼선동1가,127.006221,37.588458,B,1129011100,서울특별시,성북구,삼선동1가,H,1129055500,서울특별시,성북구,삼선동
132,혜화,서울특별시 종로구 동숭동,127.001844,37.582336,B,1111016800,서울특별시,종로구,동숭동,H,1111065000,서울특별시,종로구,혜화동
133,동대문,서울특별시 종로구 종로6가,127.009745,37.57142,B,1111016400,서울특별시,종로구,종로6가,H,1111063000,서울특별시,종로구,종로5.6가동
134,동대문역사문화공원,서울특별시 중구 을지로7가,127.007896,37.565138,B,1114014900,서울특별시,중구,을지로7가,H,1114059000,서울특별시,중구,광희동
135,충무로,서울특별시 중구 필동2가,126.99428,37.561243,B,1114013800,서울특별시,중구,필동2가,H,1114057000,서울특별시,중구,필동
136,명동,서울특별시 중구 충무로2가,126.986325,37.560989,B,1114012500,서울특별시,중구,충무로2가,H,1114055000,서울특별시,중구,명동
137,회현,서울특별시 중구 남창동,126.978246,37.558514,B,1114011200,서울특별시,중구,남창동,H,1114054000,서울특별시,중구,회현동
138,서울,서울특별시 중구 봉래동2가,126.972559,37.554648,B,1114012000,서울특별시,중구,봉래동2가,H,1114054000,서울특별시,중구,회현동
139,숙대입구,서울특별시 용산구 갈월동,126.972106,37.54456,B,1117010400,서울특별시,용산구,갈월동,H,1117053000,서울특별시,용산구,남영동
140,삼각지,서울특별시 용산구 한강로1가,126.97311,37.534777,B,1117012400,서울특별시,용산구,한강로1가,H,1117062500,서울특별시,용산구,한강로동
141,신용산,서울특별시 용산구 한강로2가,126.967894,37.52917,B,1117012500,서울특별시,용산구,한강로2가,H,1117062500,서울특별시,용산구,한강로동
142,동작,서울특별시 동작구 동작동,126.979306,37.502971,B,1159010600,서울특별시,동작구,동작동,H,1159063000,서울특별시,동작구,사당2동
143,총신대입구,서울특별시 동작구 사당동,126.981989,37.486263,B,1159010700,서울특별시,동작구,사당동,H,1159063000,서울특별시,동작구,사당2동
144,사당,서울특별시 관악구 남현동,126.981685,37.47653,B,1162010300,서울특별시,관악구,남현동,H,1162063000,서울특별시,관악구,남현동
145,이촌,서울특별시 용산구 용산동5가,126.974345,37.522272,B,1117012700,서울특별시,용산구,용산동5가,H,1117062500,서울특별시,용산구,한강로동
146,종로3가,서울특별시 종로구 묘동,126.991806,37.571607,B,1111015100,서울특별시,종로구,묘동,H,1111061500,서울특별시,종로구,종로1.2.3.4가동
147,둔촌동,서울특별시 강동구 성내동,127.136248,37.527788,B,1174010800,서울특별시,강동구,성내동,H,1174066000,서울특별시,강동구,성내3동
148,올림픽공원,서울특별시 송파구 방이동,127.130848,37.516078,B,1171011100,서울특별시,송파구,방이동,H,1171056600,서울특별시,송파구,오륜동
149,방화,서울특별시 강서구 방화동,126.812741,37.577446,B,1150010900,서울특별시,강서구,방화동,H,1150064100,서울특별시,강서구,방화3동
150,개화산,서울특별시 강서구 방화동,126.806171,37.572399,B,1150010900,서울특별시,강서구,방화동,H,1150064000,서울특별시,강서구,방화2동
151,김포공항,서울특별시 강서구 방화동,126.801058,37.562434,B,1150010900,서울특별시,강서구,방화동,H,1150064000,서울특별시,강서구,방화2동
152,송정,서울특별시 강서구 공항동,126.811973,37.561184,B,1150010800,서울특별시,강서구,공항동,H,1150062000,서울특별시,강서구,공항동
153,마곡,서울특별시 강서구 마곡동,126.825448,37.560183,B,1150010500,서울특별시,강서구,마곡동,H,1150062000,서울특별시,강서구,공항동
154,애오개,서울특별시 마포구 아현동,126.95682,37.553736,B,1144010100,서울특별시,마포구,아현동,H,1144055500,서울특별시,마포구,아현동
155,서대문,서울특별시 서대문구 충정로2가,126.966641,37.565773,B,1141010100,서울특별시,서대문구,충정로2가,H,1141056500,서울특별시,서대문구,충현동
156,광화문,서울특별시 종로구 세종로,126.976669,37.571026,B,1111011900,서울특별시,종로구,세종로,H,1111053000,서울특별시,종로구,사직동
157,충정로,서울특별시 서대문구 충정로3가,126.963672,37.559973,B,1141010200,서울특별시,서대문구,충정로3가,H,1141056500,서울특별시,서대문구,충현동
158,왕십리,서울특별시 성동구 행당동,127.037732,37.561533,B,1120010700,서울특별시,성동구,행당동,H,1120056000,서울특별시,성동구,행당1동
159,발산,서울특별시 강서구 내발산동,126.837668,37.558598,B,1150010600,서울특별시,강서구,내발산동,H,1150061100,서울특별시,강서구,발산1동
160,우장산,서울특별시 강서구 내발산동,126.836318,37.548768,B,1150010600,서울특별시,강서구,내발산동,H,1150061100,서울특별시,강서구,발산1동
161,화곡,서울특별시 강서구 화곡동,126.840461,37.541513,B,1150010300,서울특별시,강서구,화곡동,H,1150054000,서울특별시,강서구,화곡1동
162,까치산,서울특별시 강서구 화곡동,126.846683,37.531768,B,1150010300,서울특별시,강서구,화곡동,H,1150054000,서울특별시,강서구,화곡1동
163,신정,서울특별시 양천구 신정동,126.856191,37.524997,B,1147010100,서울특별시,양천구,신정동,H,1147065000,서울특별시,양천구,신정4동
164,목동,서울특별시 양천구 목동,126.864931,37.526065,B,1147010200,서울특별시,양천구,목동,H,1147051000,서울특별시,양천구,목1동
165,오목교,서울특별시 양천구 목동,126.875181,37.524496,B,1147010200,서울특별시,양천구,목동,H,1147051000,서울특별시,양천구,목1동
166,영등포구청,서울특별시 영등포구 당산동3가,126.895951,37.52497,B,1156011300,서울특별시,영등포구,당산동3가,H,1156055000,서울특별시,영등포구,당산1동
167,영등포시장,서울특별시 영등포구 영등포동5가,126.905139,37.522669,B,1156010600,서울특별시,영등포구,영등포동5가,H,1156053500,서울특별시,영등포구,영등포동
168,신길,서울특별시 영등포구 신길동,126.917169,37.517122,B,1156013200,서울특별시,영등포구,신길동,H,1156063000,서울특별시,영등포구,신길1동
169,여의도,서울특별시 영등포구 여의도동,126.924191,37.521624,B,1156011000,서울특별시,영등포구,여의도동,H,1156054000,서울특별시,영등포구,여의동
170,여의나루,서울특별시 영등포구 여의도동,126.932901,37.527098,B,1156011000,서울특별시,영등포구,여의도동,H,1156054000,서울특별시,영등포구,여의동
171,마포,서울특별시 마포구 도화동,126.945932,37.539574,B,1144010400,서울특별시,마포구,도화동,H,1144058500,서울특별시,마포구,도화동
172,공덕,서울특별시 마포구 공덕동,126.951592,37.544018,B,1144010200,서울특별시,마포구,공덕동,H,1144056500,서울특별시,마포구,공덕동
173,을지로4가,서울특별시 중구 을지로4가,126.998079,37.566941,B,1114015000,서울특별시,중구,을지로4가,H,1114060500,서울특별시,중구,을지로동
174,신금호,서울특별시 성동구 금호동1가,127.020331,37.554548,B,1120010900,서울특별시,성동구,금호동1가,H,1120059000,서울특별시,성동구,금호1가동
175,행당,서울특별시 성동구 행당동,127.029476,37.557322,B,1120010700,서울특별시,성동구,행당동,H,1120057000,서울특별시,성동구,행당2동
176,마장,서울특별시 성동구 마장동,127.042973,37.5661,B,1120010500,서울특별시,성동구,마장동,H,1120054000,서울특별시,성동구,마장동
177,답십리,서울특별시 성동구 용답동,127.052704,37.566747,B,1120012200,서울특별시,성동구,용답동,H,1120079000,서울특별시,성동구,용답동
178,장한평,서울특별시 성동구 용답동,127.064623,37.56144,B,1120012200,서울특별시,성동구,용답동,H,1120079000,서울특별시,성동구,용답동
179,군자,서울특별시 광진구 능동,127.079542,37.557121,B,1121510200,서울특별시,광진구,능동,H,1121578000,서울특별시,광진구,능동
180,아차산,서울특별시 광진구 구의동,127.089761,37.551691,B,1121510300,서울특별시,광진구,구의동,H,1121586000,서울특별시,광진구,구의2동
181,광나루,서울특별시 광진구 광장동,127.10357,37.545303,B,1121510400,서울특별시,광진구,광장동,H,1121581000,서울특별시,광진구,광장동
182,천호,서울특별시 강동구 성내동,127.123572,37.538397,B,1174010800,서울특별시,강동구,성내동,H,1174065000,서울특별시,강동구,성내2동
183,강동,서울특별시 강동구 성내동,127.132481,37.535804,B,1174010800,서울특별시,강동구,성내동,H,1174065000,서울특별시,강동구,성내2동
184,길동,서울특별시 강동구 길동,127.140004,37.537801,B,1174010500,서울특별시,강동구,길동,H,1174068500,서울특별시,강동구,길동
185,굽은다리,서울특별시 강동구 천호동,127.142853,37.545477,B,1174010900,서울특별시,강동구,천호동,H,1174060000,서울특별시,강동구,천호1동
186,명일,서울특별시 강동구 명일동,127.143999,37.55137,B,1174010100,서울특별시,강동구,명일동,H,1174053000,서울특별시,강동구,명일1동
187,고덕,서울특별시 강동구 명일동,127.154151,37.555004,B,1174010100,서울특별시,강동구,명일동,H,1174054000,서울특별시,강동구,명일2동
188,상일동,서울특별시 강동구 상일동,127.166417,37.556712,B,1174010300,서울특별시,강동구,상일동,H,1174052500,서울특별시,강동구,상일1동
189,방이,서울특별시 송파구 방이동,127.126133,37.508857,B,1171011100,서울특별시,송파구,방이동,H,1171056100,서울특별시,송파구,방이1동
190,오금,서울특별시 송파구 오금동,127.128111,37.502162,B,1171011200,서울특별시,송파구,오금동,H,1171057000,서울특별시,송파구,오금동
191,개롱,서울특별시 송파구 가락동,127.13482,37.498079,B,1171010700,서울특별시,송파구,가락동,H,1171063200,서울특별시,송파구,가락2동
192,거여,서울특별시 송파구 거여동,127.14415,37.493105,B,1171011300,서울특별시,송파구,거여동,H,1171053100,서울특별시,송파구,거여1동
193,마천,서울특별시 송파구 마천동,127.152781,37.49499,B,1171011400,서울특별시,송파구,마천동,H,1171054000,서울특별시,송파구,마천1동
194,동대문역사문화공원,서울특별시 중구 을지로7가,127.007896,37.565138,B,1114014900,서울특별시,중구,을지로7가,H,1114059000,서울특별시,중구,광희동
195,청구,서울특별시 중구 신당동,127.013828,37.560245,B,1114016200,서울특별시,중구,신당동,H,1114066500,서울특별시,중구,동화동
196,망원,서울특별시 마포구 서교동,126.910052,37.556094,B,1144012000,서울특별시,마포구,서교동,H,1144069000,서울특별시,마포구,망원1동
197,합정,서울특별시 마포구 합정동,126.913739,37.549463,B,1144012200,서울특별시,마포구,합정동,H,1144068000,서울특별시,마포구,합정동
198,상수,서울특별시 마포구 상수동,126.922852,37.547716,B,1144011500,서울특별시,마포구,상수동,H,1144065500,서울특별시,마포구,서강동
199,광흥창,서울특별시 마포구 창전동,126.931993,37.547456,B,1144011400,서울특별시,마포구,창전동,H,1144065500,서울특별시,마포구,서강동
200,대흥,서울특별시 마포구 대흥동,126.942069,37.547771,B,1144010800,서울특별시,마포구,대흥동,H,1144060000,서울특별시,마포구,대흥동
201,버티고개,서울특별시 중구 신당동,127.007055,37.548013,B,1114016200,서울특별시,중구,신당동,H,1114063500,서울특별시,중구,약수동
202,약수,서울특별시 중구 신당동,127.010655,37.55434,B,1114016200,서울특별시,중구,신당동,H,1114063500,서울특별시,중구,약수동
203,청구,서울특별시 중구 신당동,127.013828,37.560245,B,1114016200,서울특별시,중구,신당동,H,1114066500,서울특별시,중구,동화동
204,신당,서울특별시 중구 흥인동,127.01782,37.565972,B,1114016300,서울특별시,중구,흥인동,H,1114061500,서울특별시,중구,신당동
205,응암,서울특별시 은평구 신사동,126.915577,37.598605,B,1138010900,서울특별시,은평구,신사동,H,1138063100,서울특별시,은평구,신사1동
206,역촌,서울특별시 은평구 녹번동,126.922744,37.606021,B,1138010200,서울특별시,은평구,녹번동,H,1138051000,서울특별시,은평구,녹번동
207,불광,서울특별시 은평구 대조동,126.929887,37.610469,B,1138010600,서울특별시,은평구,대조동,H,1138057000,서울특별시,은평구,대조동
208,독바위,서울특별시 은평구 불광동,126.933031,37.618456,B,1138010300,서울특별시,은평구,불광동,H,1138052000,서울특별시,은평구,불광1동
209,연신내,서울특별시 은평구 갈현동,126.921008,37.619001,B,1138010400,서울특별시,은평구,갈현동,H,1138055100,서울특별시,은평구,갈현1동
210,구산,서울특별시 은평구 갈현동,126.91727,37.611377,B,1138010400,서울특별시,은평구,갈현동,H,1138057000,서울특별시,은평구,대조동
211,새절,서울특별시 은평구 신사동,126.913629,37.591148,B,1138010900,서울특별시,은평구,신사동,H,1138063200,서울특별시,은평구,신사2동
212,증산,서울특별시 은평구 증산동,126.909645,37.583876,B,1138011000,서울특별시,은평구,증산동,H,1138064000,서울특별시,은평구,증산동
213,디지털미디어시티,서울특별시 마포구 상암동,126.900984,37.576646,B,1144012700,서울특별시,마포구,상암동,H,1144074000,서울특별시,마포구,상암동
214,월드컵경기장,서울특별시 마포구 성산동,126.899298,37.569532,B,1144012500,서울특별시,마포구,성산동,H,1144073000,서울특별시,마포구,성산2동
215,마포구청,서울특별시 마포구 성산동,126.903343,37.563515,B,1144012500,서울특별시,마포구,성산동,H,1144073000,서울특별시,마포구,성산2동
216,공덕,서울특별시 마포구 공덕동,126.951592,37.544018,B,1144010200,서울특별시,마포구,공덕동,H,1144056500,서울특별시,마포구,공덕동
217,효창공원앞,서울특별시 용산구 효창동,126.961351,37.539261,B,1117011900,서울특별시,용산구,효창동,H,1117058000,서울특별시,용산구,효창동
218,삼각지,서울특별시 용산구 한강로1가,126.97311,37.534777,B,1117012400,서울특별시,용산구,한강로1가,H,1117062500,서울특별시,용산구,한강로동
219,녹사평,서울특별시 용산구 용산동4가,126.986695,37.534675,B,1117010300,서울특별시,용산구,용산동4가,H,1117052000,서울특별시,용산구,용산2가동
220,이태원,서울특별시 용산구 이태원동,126.994302,37.534488,B,1117013000,서울특별시,용산구,이태원동,H,1117065000,서울특별시,용산구,이태원1동
221,한강진,서울특별시 용산구 한남동,127.001725,37.539631,B,1117013100,서울특별시,용산구,한남동,H,1117068500,서울특별시,용산구,한남동
222,동묘앞,서울특별시 종로구 숭인동,127.016429,37.572627,B,1111017500,서울특별시,종로구,숭인동,H,1111071000,서울특별시,종로구,숭인2동
223,창신,서울특별시 종로구 창신동,127.015241,37.579661,B,1111017400,서울특별시,종로구,창신동,H,1111069000,서울특별시,종로구,창신3동
224,보문,서울특별시 성북구 보문동2가,127.019381,37.585286,B,1129013100,서울특별시,성북구,보문동2가,H,1129061000,서울특별시,성북구,보문동
225,안암,서울특별시 성북구 안암동5가,127.029005,37.586272,B,1129012500,서울특별시,성북구,안암동5가,H,1129060000,서울특별시,성북구,안암동
226,고려대,서울특별시 동대문구 제기동,127.036296,37.590508,B,1123010300,서울특별시,동대문구,제기동,H,1123054500,서울특별시,동대문구,제기동
227,월곡,서울특별시 성북구 하월곡동,127.041518,37.601948,B,1129013600,서울특별시,성북구,하월곡동,H,1129072500,서울특별시,성북구,월곡2동
228,상월곡,서울특별시 성북구 상월곡동,127.048491,37.606377,B,1129013700,서울특별시,성북구,상월곡동,H,1129072500,서울특별시,성북구,월곡2동
229,돌곶이,서울특별시 성북구 장위동,127.056431,37.610537,B,1129013800,서울특별시,성북구,장위동,H,1129081000,서울특별시,성북구,석관동
230,석계,서울특별시 성북구 석관동,127.065851,37.614805,B,1129013900,서울특별시,성북구,석관동,H,1129081000,서울특별시,성북구,석관동
231,태릉입구,서울특별시 노원구 공릉동,127.07512,37.617983,B,1135010300,서울특별시,노원구,공릉동,H,1135059500,서울특별시,노원구,공릉1동
232,화랑대,서울특별시 노원구 공릉동,127.084689,37.620064,B,1135010300,서울특별시,노원구,공릉동,H,1135060000,서울특별시,노원구,공릉2동
233,봉화산,서울특별시 중랑구 신내동,127.091401,37.617283,B,1126010600,서울특별시,중랑구,신내동,H,1126069000,서울특별시,중랑구,신내2동
234,신내,서울특별시 중랑구 망우동,127.103218,37.612887,B,1126010500,서울특별시,중랑구,망우동,H,1126065500,서울특별시,중랑구,망우본동
235,군자,서울특별시 광진구 능동,127.079542,37.557121,B,1121510200,서울특별시,광진구,능동,H,1121578000,서울특별시,광진구,능동
236,강남구청,서울특별시 강남구 논현동,127.04128,37.517186,B,1168010800,서울특별시,강남구,논현동,H,1168053100,서울특별시,강남구,논현2동
237,학동,서울특별시 강남구 논현동,127.031656,37.514229,B,1168010800,서울특별시,강남구,논현동,H,1168053100,서울특별시,강남구,논현2동
238,논현,서울특별시 강남구 논현동,127.021415,37.511093,B,1168010800,서울특별시,강남구,논현동,H,1168052100,서울특별시,강남구,논현1동
239,반포,서울특별시 서초구 반포동,127.011727,37.508178,B,1165010700,서울특별시,서초구,반포동,H,1165056000,서울특별시,서초구,반포1동
240,고속터미널,서울특별시 서초구 반포동,127.004943,37.50481,B,1165010700,서울특별시,서초구,반포동,H,1165058100,서울특별시,서초구,반포4동
241,내방,서울특별시 서초구 방배동,126.993513,37.487618,B,1165010100,서울특별시,서초구,방배동,H,1165060000,서울특별시,서초구,방배1동
242,이수,서울특별시 동작구 사당동,126.981989,37.486263,B,1159010700,서울특별시,동작구,사당동,H,1159063000,서울특별시,동작구,사당2동
243,사가정,서울특별시 중랑구 면목동,127.088478,37.580894,B,1126010100,서울특별시,중랑구,면목동,H,1126057500,서울특별시,중랑구,면목제3.8동
244,용마산,서울특별시 중랑구 면목동,127.086727,37.573647,B,1126010100,서울특별시,중랑구,면목동,H,1126054000,서울특별시,중랑구,면목4동
245,중곡,서울특별시 광진구 중곡동,127.08432,37.565923,B,1121510100,서울특별시,광진구,중곡동,H,1121576000,서울특별시,광진구,중곡3동
246,어린이대공원,서울특별시 광진구 능동,127.074658,37.548014,B,1121510200,서울특별시,광진구,능동,H,1121578000,서울특별시,광진구,능동
247,남성,서울특별시 동작구 사당동,126.971251,37.484596,B,1159010700,서울특별시,동작구,사당동,H,1159065000,서울특별시,동작구,사당4동
248,숭실대입구,서울특별시 동작구 상도동,126.953822,37.496029,B,1159010200,서울특별시,동작구,상도동,H,1159053000,서울특별시,동작구,상도1동
249,상도,서울특별시 동작구 상도1동,126.94791,37.502834,B,1159010300,서울특별시,동작구,상도1동,H,1159053000,서울특별시,동작구,상도1동
250,장승배기,서울특별시 동작구 상도동,126.93915,37.504898,B,1159010200,서울특별시,동작구,상도동,H,1159054000,서울특별시,동작구,상도2동
251,신대방삼거리,서울특별시 동작구 대방동,126.928276,37.499701,B,1159010800,서울특별시,동작구,대방동,H,1159066000,서울특별시,동작구,대방동
252,보라매,서울특별시 동작구 대방동,126.920428,37.499872,B,1159010800,서울특별시,동작구,대방동,H,1159066000,서울특별시,동작구,대방동
253,신풍,서울특별시 영등포구 신길동,126.90993,37.50008,B,1156013200,서울특별시,영등포구,신길동,H,1156068000,서울특별시,영등포구,신길6동
254,대림,서울특별시 영등포구 대림동,126.895801,37.49297,B,1156013300,서울특별시,영등포구,대림동,H,1156072000,서울특별시,영등포구,대림3동
255,남구로,서울특별시 구로구 구로동,126.887249,37.486056,B,1153010200,서울특별시,구로구,구로동,H,1153054000,서울특별시,구로구,구로3동
256,가산디지털단지,서울특별시 금천구 가산동,126.882343,37.481072,B,1154510100,서울특별시,금천구,가산동,H,1154551000,서울특별시,금천구,가산동
257,천왕,서울특별시 구로구 천왕동,126.838713,37.486637,B,1153011100,서울특별시,구로구,천왕동,H,1153078000,서울특별시,구로구,오류2동
258,온수,서울특별시 구로구 온수동,126.823388,37.492258,B,1153011000,서울특별시,구로구,온수동,H,1153079000,서울특별시,구로구,수궁동
259,중화,서울특별시 중랑구 중화동,127.079264,37.602545,B,1126010300,서울특별시,중랑구,중화동,H,1126061000,서울특별시,중랑구,중화2동
260,상봉,서울특별시 중랑구 상봉동,127.085032,37.596362,B,1126010200,서울특별시,중랑구,상봉동,H,1126058000,서울특별시,중랑구,상봉1동
261,면목,서울특별시 중랑구 면목동,127.087503,37.588579,B,1126010100,서울특별시,중랑구,면목동,H,1126056500,서울특별시,중랑구,면목본동
262,건대입구,서울특별시 광진구 화양동,127.07023,37.540693,B,1121510700,서울특별시,광진구,화양동,H,1121571000,서울특별시,광진구,화양동
263,뚝섬유원지,서울특별시 광진구 자양동,127.066704,37.53154,B,1121510500,서울특별시,광진구,자양동,H,1121584000,서울특별시,광진구,자양3동
264,청담,서울특별시 강남구 삼성동,127.05335,37.519365,B,1168010500,서울특별시,강남구,삼성동,H,1168058000,서울특별시,강남구,삼성1동
265,도봉산,서울특별시 도봉구 도봉동,127.046222,37.689313,B,1132010800,서울특별시,도봉구,도봉동,H,1132052200,서울특별시,도봉구,도봉2동
266,수락산,서울특별시 노원구 상계동,127.055315,37.67785,B,1135010500,서울특별시,노원구,상계동,H,1135063000,서울특별시,노원구,상계1동
267,마들,서울특별시 노원구 상계동,127.057675,37.66494,B,1135010500,서울특별시,노원구,상계동,H,1135070000,서울특별시,노원구,상계8동
268,노원,서울특별시 노원구 상계동,127.061368,37.655128,B,1135010500,서울특별시,노원구,상계동,H,1135064000,서울특별시,노원구,상계2동
269,중계,서울특별시 노원구 중계동,127.064303,37.644583,B,1135010600,서울특별시,노원구,중계동,H,1135062500,서울특별시,노원구,중계2.3동
270,하계,서울특별시 노원구 하계동,127.06799,37.636352,B,1135010400,서울특별시,노원구,하계동,H,1135061200,서울특별시,노원구,하계2동
271,공릉,서울특별시 노원구 공릉동,127.072896,37.625742,B,1135010300,서울특별시,노원구,공릉동,H,1135059500,서울특별시,노원구,공릉1동
272,태릉입구,서울특별시 노원구 공릉동,127.07512,37.617983,B,1135010300,서울특별시,노원구,공릉동,H,1135059500,서울특별시,노원구,공릉1동
273,먹골,서울특별시 중랑구 묵동,127.077725,37.610637,B,1126010400,서울특별시,중랑구,묵동,H,1126063000,서울특별시,중랑구,묵2동
274,암사,서울특별시 강동구 암사동,127.127562,37.55021,B,1174010700,서울특별시,강동구,암사동,H,1174058000,서울특별시,강동구,암사2동
275,천호,서울특별시 강동구 성내동,127.123572,37.538397,B,1174010800,서울특별시,강동구,성내동,H,1174065000,서울특별시,강동구,성내2동
276,강동구청,서울특별시 강동구 성내동,127.120508,37.530341,B,1174010800,서울특별시,강동구,성내동,H,1174064000,서울특별시,강동구,성내1동
277,몽촌토성,서울특별시 송파구 신천동,127.112359,37.517409,B,1171010200,서울특별시,송파구,신천동,H,1171056200,서울특별시,송파구,방이2동
278,잠실,서울특별시 송파구 신천동,127.102234,37.51395,B,1171010200,서울특별시,송파구,신천동,H,1171071000,서울특별시,송파구,잠실6동
279,석촌,서울특별시 송파구 석촌동,127.106979,37.505431,B,1171010500,서울특별시,송파구,석촌동,H,1171060000,서울특별시,송파구,석촌동
280,송파,서울특별시 송파구 가락동,127.112183,37.499703,B,1171010700,서울특별시,송파구,가락동,H,1171063100,서울특별시,송파구,가락1동
281,가락시장,서울특별시 송파구 가락동,127.118234,37.492522,B,1171010700,서울특별시,송파구,가락동,H,1171063100,서울특별시,송파구,가락1동
282,문정,서울특별시 송파구 문정동,127.1225,37.485855,B,1171010800,서울특별시,송파구,문정동,H,1171064200,서울특별시,송파구,문정2동
283,장지,서울특별시 송파구 장지동,127.126191,37.478703,B,1171010900,서울특별시,송파구,장지동,H,1171064200,서울특별시,송파구,문정2동
284,복정,서울특별시 송파구 장지동,127.126662,37.470047,B,1171010900,서울특별시,송파구,장지동,H,1171064200,서울특별시,송파구,문정2동
285,석촌,서울특별시 송파구 석촌동,127.106979,37.505431,B,1171010500,서울특별시,송파구,석촌동,H,1171060000,서울특별시,송파구,석촌동
286,올림픽공원,서울특별시 송파구 방이동,127.130848,37.516078,B,1171011100,서울특별시,송파구,방이동,H,1171056600,서울특별시,송파구,오륜동
287,선정릉,서울특별시 강남구 삼성동,127.043593,37.51098,B,1168010500,서울특별시,강남구,삼성동,H,1168053100,서울특별시,강남구,논현2동
288,삼성중앙,서울특별시 강남구 삼성동,127.053282,37.513011,B,1168010500,서울특별시,강남구,삼성동,H,1168059000,서울특별시,강남구,삼성2동
289,봉은사,서울특별시 강남구 삼성동,127.060245,37.514219,B,1168010500,서울특별시,강남구,삼성동,H,1168058000,서울특별시,강남구,삼성1동
290,종합운동장,서울특별시 송파구 잠실동,127.073642,37.510997,B,1171010100,서울특별시,송파구,잠실동,H,1171072000,서울특별시,송파구,잠실7동
291,개화,서울특별시 강서구 개화동,126.798153,37.578608,B,1150011000,서울특별시,강서구,개화동,H,1150064000,서울특별시,강서구,방화2동
292,김포공항,서울특별시 강서구 방화동,126.801058,37.562434,B,1150010900,서울특별시,강서구,방화동,H,1150064000,서울특별시,강서구,방화2동
293,공항시장,서울특별시 강서구 공항동,126.810678,37.563726,B,1150010800,서울특별시,강서구,공항동,H,1150062000,서울특별시,강서구,공항동
294,신방화,서울특별시 강서구 방화동,126.816601,37.567532,B,1150010900,서울특별시,강서구,방화동,H,1150063000,서울특별시,강서구,방화1동
295,마곡나루,서울특별시 강서구 마곡동,126.829497,37.567336,B,1150010500,서울특별시,강서구,마곡동,H,1150060300,서울특별시,강서구,가양1동
296,양천향교,서울특별시 강서구 가양동,126.841333,37.568381,B,1150010400,서울특별시,강서구,가양동,H,1150060300,서울특별시,강서구,가양1동
297,증미,서울특별시 강서구 등촌동,126.861939,37.557402,B,1150010200,서울특별시,강서구,등촌동,H,1150052000,서울특별시,강서구,등촌1동
298,등촌,서울특별시 양천구 목동,126.865689,37.550632,B,1147010200,서울특별시,양천구,목동,H,1147053000,서울특별시,양천구,목3동
299,선유도,서울특별시 영등포구 양평동5가,126.893525,37.53802,B,1156012900,서울특별시,영등포구,양평동5가,H,1156062000,서울특별시,영등포구,양평2동
300,샛강,서울특별시 영등포구 여의도동,126.928422,37.517274,B,1156011000,서울특별시,영등포구,여의도동,H,1156054000,서울특별시,영등포구,여의동
301,노량진,서울특별시 동작구 노량진동,126.942454,37.514219,B,1159010100,서울특별시,동작구,노량진동,H,1159051000,서울특별시,동작구,노량진1동
302,흑석,서울특별시 동작구 흑석동,126.963708,37.50877,B,1159010500,서울특별시,동작구,흑석동,H,1159060500,서울특별시,동작구,흑석동
303,구반포,서울특별시 서초구 반포동,126.987332,37.501364,B,1165010700,서울특별시,서초구,반포동,H,1165055000,서울특별시,서초구,반포본동
304,신반포,서울특별시 서초구 반포동,126.995925,37.503415,B,1165010700,서울특별시,서초구,반포동,H,1165057000,서울특별시,서초구,반포2동
305,신논현,서울특별시 강남구 역삼동,127.02506,37.504598,B,1168010100,서울특별시,강남구,역삼동,H,1168064000,서울특별시,강남구,역삼1동
306,염창,서울특별시 양천구 목동,126.874916,37.546936,B,1147010200,서울특별시,양천구,목동,H,1147052000,서울특별시,양천구,목2동
307,신목동,서울특별시 양천구 목동,126.88308,37.544277,B,1147010200,서울특별시,양천구,목동,H,1147052000,서울특별시,양천구,목2동
308,당산,서울특별시 영등포구 당산동6가,126.902281,37.53438,B,1156011600,서울특별시,영등포구,당산동6가,H,1156056000,서울특별시,영등포구,당산2동
309,국회의사당,서울특별시 영등포구 여의도동,126.917874,37.528105,B,1156011000,서울특별시,영등포구,여의도동,H,1156054000,서울특별시,영등포구,여의동
310,여의도,서울특별시 영등포구 여의도동,126.924191,37.521624,B,1156011000,서울특별시,영등포구,여의도동,H,1156054000,서울특별시,영등포구,여의동
311,노들,서울특별시 동작구 본동,126.953222,37.512887,B,1159010400,서울특별시,동작구,본동,H,1159051000,서울특별시,동작구,노량진1동
312,동작,서울특별시 동작구 동작동,126.979306,37.502971,B,1159010600,서울특별시,동작구,동작동,H,1159063000,서울특별시,동작구,사당2동
313,고속터미널,서울특별시 서초구 반포동,127.004943,37.50481,B,1165010700,서울특별시,서초구,반포동,H,1165058100,서울특별시,서초구,반포4동
314,사평,서울특별시 서초구 반포동,127.015259,37.504206,B,1165010700,서울특별시,서초구,반포동,H,1165056000,서울특별시,서초구,반포1동
315,가양,서울특별시 강서구 등촌동,126.854456,37.561391,B,1150010200,서울특별시,강서구,등촌동,H,1150053500,서울특별시,강서구,등촌3동
316,언주,서울특별시 강남구 역삼동,127.033868,37.507287,B,1168010100,서울특별시,강남구,역삼동,H,1168064000,서울특별시,강남구,역삼1동
317,이촌,서울특별시 용산구 용산동5가,126.974345,37.522272,B,1117012700,서울특별시,용산구,용산동5가,H,1117062500,서울특별시,용산구,한강로동
318,서빙고,서울특별시 용산구 서빙고동,126.988537,37.519594,B,1117013300,서울특별시,용산구,서빙고동,H,1117069000,서울특별시,용산구,서빙고동
319,옥수,서울특별시 성동구 옥수동,127.017965,37.540685,B,1120011300,서울특별시,성동구,옥수동,H,1120064500,서울특별시,성동구,옥수동
320,왕십리,서울특별시 성동구 행당동,127.037732,37.561533,B,1120010700,서울특별시,성동구,행당동,H,1120056000,서울특별시,성동구,행당1동
321,청량리,서울특별시 동대문구 전농동,127.046835,37.580178,B,1123010400,서울특별시,동대문구,전농동,H,1123056000,서울특별시,동대문구,전농1동
322,중랑,서울특별시 중랑구 중화동,127.076116,37.594917,B,1126010300,서울특별시,중랑구,중화동,H,1126061000,서울특별시,중랑구,중화2동
323,상봉,서울특별시 중랑구 상봉동,127.085032,37.596362,B,1126010200,서울특별시,중랑구,상봉동,H,1126058000,서울특별시,중랑구,상봉1동
324,망우,서울특별시 중랑구 상봉동,127.091909,37.59955,B,1126010200,서울특별시,중랑구,상봉동,H,1126058000,서울특별시,중랑구,상봉1동
325,양원,서울특별시 중랑구 망우동,127.107906,37.606596,B,1126010500,서울특별시,중랑구,망우동,H,1126065500,서울특별시,중랑구,망우본동
326,응봉,서울특별시 성동구 응봉동,127.034538,37.549946,B,1120010800,서울특별시,성동구,응봉동,H,1120058000,서울특별시,성동구,응봉동
327,서울,서울특별시 중구 봉래동2가,126.972559,37.554648,B,1114012000,서울특별시,중구,봉래동2가,H,1114054000,서울특별시,중구,회현동
328,신촌,서울특별시 서대문구 창천동,126.936893,37.555134,B,1141011600,서울특별시,서대문구,창천동,H,1141058500,서울특별시,서대문구,신촌동
329,효창공원앞,서울특별시 용산구 효창동,126.961351,37.539261,B,1117011900,서울특별시,용산구,효창동,H,1117058000,서울특별시,용산구,효창동
330,공덕,서울특별시 마포구 공덕동,126.951592,37.544018,B,1144010200,서울특별시,마포구,공덕동,H,1144056500,서울특별시,마포구,공덕동
331,홍대입구,서울특별시 마포구 동교동,126.925381,37.557192,B,1144012100,서울특별시,마포구,동교동,H,1144066000,서울특별시,마포구,서교동
332,수색,서울특별시 은평구 수색동,126.895611,37.580842,B,1138010100,서울특별시,은평구,수색동,H,1138065000,서울특별시,은평구,수색동
333,서강대,서울특별시 마포구 노고산동,126.935711,37.551881,B,1144011000,서울특별시,마포구,노고산동,H,1144060000,서울특별시,마포구,대흥동
334,디지털미디어시티,서울특별시 마포구 상암동,126.900984,37.576646,B,1144012700,서울특별시,마포구,상암동,H,1144074000,서울특별시,마포구,상암동
335,한남,서울특별시 용산구 한남동,127.009169,37.52943,B,1117013100,서울특별시,용산구,한남동,H,1117068500,서울특별시,용산구,한남동
336,용산,서울특별시 용산구 한강로3가,126.964561,37.529849,B,1117012800,서울특별시,용산구,한강로3가,H,1117062500,서울특별시,용산구,한강로동
337,회기,서울특별시 동대문구 휘경동,127.057583,37.58946,B,1123010900,서울특별시,동대문구,휘경동,H,1123072000,서울특별시,동대문구,휘경1동
338,가좌,서울특별시 서대문구 남가좌동,126.915487,37.568491,B,1141012000,서울특별시,서대문구,남가좌동,H,1141069000,서울특별시,서대문구,남가좌1동
339,광운대,서울특별시 노원구 월계동,127.061835,37.623632,B,1135010200,서울특별시,노원구,월계동,H,1135056000,서울특별시,노원구,월계1동
340,청량리,서울특별시 동대문구 전농동,127.046835,37.580178,B,1123010400,서울특별시,동대문구,전농동,H,1123056000,서울특별시,동대문구,전농1동
341,회기,서울특별시 동대문구 휘경동,127.057583,37.58946,B,1123010900,서울특별시,동대문구,휘경동,H,1123072000,서울특별시,동대문구,휘경1동
342,상봉,서울특별시 중랑구 상봉동,127.085032,37.596362,B,1126010200,서울특별시,중랑구,상봉동,H,1126058000,서울특별시,중랑구,상봉1동
343,망우,서울특별시 중랑구 상봉동,127.091909,37.59955,B,1126010200,서울특별시,중랑구,상봉동,H,1126058000,서울특별시,중랑구,상봉1동
344,신내,서울특별시 중랑구 망우동,127.103218,37.612887,B,1126010500,서울특별시,중랑구,망우동,H,1126065500,서울특별시,중랑구,망우본동
345,중랑,서울특별시 중랑구 중화동,127.076116,37.594917,B,1126010300,서울특별시,중랑구,중화동,H,1126061000,서울특별시,중랑구,중화2동
346,김포공항,서울특별시 강서구 방화동,126.801058,37.562434,B,1150010900,서울특별시,강서구,방화동,H,1150064000,서울특별시,강서구,방화2동
347,마곡나루,서울특별시 강서구 마곡동,126.829497,37.567336,B,1150010500,서울특별시,강서구,마곡동,H,1150060300,서울특별시,강서구,가양1동
348,서울,서울특별시 중구 봉래동2가,126.972559,37.554648,B,1114012000,서울특별시,중구,봉래동2가,H,1114054000,서울특별시,중구,회현동
349,공덕,서울특별시 마포구 공덕동,126.951592,37.544018,B,1144010200,서울특별시,마포구,공덕동,H,1144056500,서울특별시,마포구,공덕동
350,홍대입구,서울특별시 마포구 동교동,126.925381,37.557192,B,1144012100,서울특별시,마포구,동교동,H,1144066000,서울특별시,마포구,서교동
351,디지털미디어시티,서울특별시 마포구 상암동,126.900984,37.576646,B,1144012700,서울특별시,마포구,상암동,H,1144074000,서울특별시,마포구,상암동
352,김포공항,서울특별시 강서구 방화동,126.801058,37.562434,B,1150010900,서울특별시,강서구,방화동,H,1150064000,서울특별시,강서구,방화2동
353,선릉,서울특별시 강남구 대치동,127.049008,37.504503,B,1168010600,서울특별시,강남구,대치동,H,1168063000,서울특별시,강남구,대치4동
354,한티,서울특별시 강남구 도곡동,127.052873,37.496237,B,1168011800,서울특별시,강남구,도곡동,H,1168065600,서울특별시,강남구,도곡2동
355,도곡,서울특별시 강남구 도곡동,127.055381,37.490858,B,1168011800,서울특별시,강남구,도곡동,H,1168065600,서울특별시,강남구,도곡2동
356,구룡,서울특별시 강남구 개포동,127.058856,37.486839,B,1168010300,서울특별시,강남구,개포동,H,1168067000,서울특별시,강남구,개포2동
357,개포동,서울특별시 강남구 개포동,127.06614,37.489116,B,1168010300,서울특별시,강남구,개포동,H,1168067000,서울특별시,강남구,개포2동
358,대모산입구,서울특별시 강남구 개포동,127.07272,37.491373,B,1168010300,서울특별시,강남구,개포동,H,1168067000,서울특별시,강남구,개포2동
359,왕십리,서울특별시 성동구 행당동,127.037732,37.561533,B,1120010700,서울특별시,성동구,행당동,H,1120056000,서울특별시,성동구,행당1동
360,수서,서울특별시 강남구 수서동,127.10188,37.487371,B,1168011500,서울특별시,강남구,수서동,H,1168075000,서울특별시,강남구,수서동
361,복정,서울특별시 송파구 장지동,127.126662,37.470047,B,1171010900,서울특별시,송파구,장지동,H,1171064200,서울특별시,송파구,문정2동
362,서울숲,서울특별시 성동구 성수동1가,127.044707,37.543617,B,1120011400,서울특별시,성동구,성수동1가,H,1120065000,서울특별시,성동구,성수1가1동
363,압구정로데오,서울특별시 강남구 신사동,127.040534,37.527381,B,1168010700,서울특별시,강남구,신사동,H,1168054500,서울특별시,강남구,압구정동
364,강남구청,서울특별시 강남구 논현동,127.04128,37.517186,B,1168010800,서울특별시,강남구,논현동,H,1168053100,서울특별시,강남구,논현2동
365,선정릉,서울특별시 강남구 삼성동,127.043593,37.51098,B,1168010500,서울특별시,강남구,삼성동,H,1168053100,서울특별시,강남구,논현2동
366,청량리,서울특별시 동대문구 전농동,127.046835,37.580178,B,1123010400,서울특별시,동대문구,전농동,H,1123056000,서울특별시,동대문구,전농1동
367,양재시민의숲,서울특별시 서초구 양재동,127.03842,37.470023,B,1165010200,서울특별시,서초구,양재동,H,1165065200,서울특별시,서초구,양재2동
368,강남,서울특별시 서초구 서초동,127.027926,37.497175,B,1165010800,서울특별시,서초구,서초동,H,1165052000,서울특별시,서초구,서초2동
369,양재,서울특별시 서초구 양재동,127.034631,37.484147,B,1165010200,서울특별시,서초구,양재동,H,1165065100,서울특별시,서초구,양재1동
370,청계산입구,서울특별시 서초구 신원동,127.055664,37.447211,B,1165011100,서울특별시,서초구,신원동,H,1165065200,서울특별시,서초구,양재2동
371,북한산우이,서울특별시 강북구 우이동,127.012789,37.663146,B,1130510400,서울특별시,강북구,우이동,H,1130564500,서울특별시,강북구,우이동
372,솔밭공원,서울특별시 강북구 우이동,127.013252,37.656088,B,1130510400,서울특별시,강북구,우이동,H,1130564500,서울특별시,강북구,우이동
373,419민주묘지,서울특별시 강북구 우이동,127.013746,37.649593,B,1130510400,서울특별시,강북구,우이동,H,1130564500,서울특별시,강북구,우이동
374,가오리,서울특별시 강북구 수유동,127.016792,37.641701,B,1130510300,서울특별시,강북구,수유동,H,1130562500,서울특별시,강북구,수유2동
375,삼양사거리,서울특별시 강북구 미아동,127.02048,37.621512,B,1130510100,서울특별시,강북구,미아동,H,1130555500,서울특별시,강북구,송천동
376,솔샘,서울특별시 강북구 미아동,127.013528,37.62124,B,1130510100,서울특별시,강북구,미아동,H,1130553400,서울특별시,강북구,삼양동
377,북한산보국문,서울특별시 성북구 정릉동,127.008009,37.612343,B,1129013300,서울특별시,성북구,정릉동,H,1129065000,서울특별시,성북구,정릉4동
378,정릉,서울특별시 성북구 정릉동,127.01349,37.602798,B,1129013300,서울특별시,성북구,정릉동,H,1129062000,서울특별시,성북구,정릉1동
379,성신여대입구,서울특별시 성북구 동소문동5가,127.016403,37.592624,B,1129010800,서울특별시,성북구,동소문동5가,H,1129055500,서울특별시,성북구,삼선동
380,보문,서울특별시 성북구 보문동2가,127.019381,37.585286,B,1129013100,서울특별시,성북구,보문동2가,H,1129061000,서울특별시,성북구,보문동
381,신설동,서울특별시 동대문구 신설동,127.025087,37.575297,B,1123010100,서울특별시,동대문구,신설동,H,1123053600,서울특별시,동대문구,용신동
382,화계,서울특별시 강북구 수유동,127.017519,37.634802,B,1130510300,서울특별시,강북구,수유동,H,1130566000,서울특별시,강북구,인수동
383,삼양,서울특별시 강북구 미아동,127.018152,37.627165,B,1130510100,서울특별시,강북구,미아동,H,1130553400,서울특별시,강북구,삼양동
