,약국명,주소,xpos,ypos,법정동,법정동코드,B_시도명,B_시군구,B_동,행정동,행정동코드,H_시도명,H_시군구,H_동
0,대림약국,"서울특별시 구로구 신도림로 16 주상가동 209호 (신도림동, 대림2차)",126.8779061,37.5055754,B,1153010100,서울특별시,구로구,신도림동,H,1153051000,서울특별시,구로구,신도림동
1,대한약국,"서울특별시 종로구 대학로5길 57 1,2층 (연건동)",127.0015857,37.5796275,B,1111016600,서울특별시,종로구,연건동,H,1111064000,서울특별시,종로구,이화동
2,하늘후문약국,"서울특별시 동대문구 황물로 168 한성아펠시티 122,123호 (답십리동)",127.0562375,37.5651861,B,1123010500,서울특별시,동대문구,답십리동,H,1123061000,서울특별시,동대문구,답십리2동
3,다온약국,"서울특별시 노원구 노해로 495 삼성빌딩 1층 102,103호 (상계동)",127.0631037,37.6551207,B,1135010500,서울특별시,노원구,상계동,H,1135064000,서울특별시,노원구,상계2동
4,세종약국,서울특별시 광진구 능동로 209 세종대학교 대양 AI센터 1층 (군자동),127.073884,37.5514706,B,1121510900,서울특별시,광진구,군자동,H,1121573000,서울특별시,광진구,군자동
5,우리정다운약국,서울특별시 은평구 갈현로41길 10-1 (갈현동),126.916306,37.6245986,B,1138010400,서울특별시,은평구,갈현동,H,1138055100,서울특별시,은평구,갈현1동
6,명진팜약국,서울특별시 강서구 마곡중앙로 161-17 보타닉파크타워Ⅰ 110호 (마곡동),126.8259745,37.5680801,B,1150010500,서울특별시,강서구,마곡동,H,1150060300,서울특별시,강서구,가양1동
7,광주약국,서울특별시 동작구 동작대로 127 1층 (사당동),126.9819529,37.4879721,B,1159010700,서울특별시,동작구,사당동,H,1159063000,서울특별시,동작구,사당2동
8,하은약국,서울특별시 강북구 노해로 118 1층 (수유동),127.024662,37.6455941,B,1130510300,서울특별시,강북구,수유동,H,1130563500,서울특별시,강북구,수유3동
9,햇님온누리약국,"서울특별시 영등포구 의사당대로 108 304호 (여의도동, 아일렉스)",126.9238388,37.521005099999996,B,1156011000,서울특별시,영등포구,여의도동,H,1156054000,서울특별시,영등포구,여의동
10,솔약국,"서울특별시 서초구 효령로 237 103-1호 (서초동, 서초한신리빙타워)",126.9813406,37.4826983,B,1159010700,서울특별시,동작구,사당동,H,1159062000,서울특별시,동작구,사당1동
11,국제약국,"서울특별시 동대문구 답십리로 252 1층 (장안동, 세현빌딩)",127.0682164,37.5722482,B,1123010600,서울특별시,동대문구,장안동,H,1123065000,서울특별시,동대문구,장안1동
12,조은약국,"서울특별시 성동구 자동차시장1길 85 (용답동,1층)",127.0671622,37.5605143,B,1120012200,서울특별시,성동구,용답동,H,1120079000,서울특별시,성동구,용답동
13,준효약국,서울특별시 노원구 공릉로 138 준효약국 1층 (공릉동),127.0793745,37.6221926,B,1135010300,서울특별시,노원구,공릉동,H,1135060000,서울특별시,노원구,공릉2동
14,햇빛약국,서울특별시 도봉구 도당로13길 16 (방학동),127.0356,37.6655475,B,1132010600,서울특별시,도봉구,방학동,H,1132070000,서울특별시,도봉구,방학2동
15,옥광약국,서울특별시 종로구 창경궁로 162-1 (원남동),126.9974528,37.5768956,B,1111015900,서울특별시,종로구,원남동,H,1111061500,서울특별시,종로구,종로1.2.3.4가동
16,메디컬제일약국,"서울특별시 서초구 방배로 225 1층 (방배동, 성은빌딩)",126.9897944,37.4931756,B,1165010100,서울특별시,서초구,방배동,H,1165059000,서울특별시,서초구,방배본동
17,선한약국,"서울특별시 강남구 논현로 605 1층 (논현동, 승진빌딩)",127.0333814,37.5077609,B,1168010800,서울특별시,강남구,논현동,H,1168052100,서울특별시,강남구,논현1동
18,종로프라자약국,서울특별시 양천구 목동로27길 5 1층 (신정동),126.8632685,37.5284729,B,1147010100,서울특별시,양천구,신정동,H,1147065000,서울특별시,양천구,신정4동
19,비타민약국,"서울특별시 서초구 방배로 32 2층 2호 (방배동, 방배쇼핑센터)",127.0003899,37.4778415,B,1165010100,서울특별시,서초구,방배동,H,1165062000,서울특별시,서초구,방배3동
20,선사약국,서울특별시 강동구 올림픽로 800 (암사동),126.9447636,37.5077974,B,1159010100,서울특별시,동작구,노량진동,H,1159051000,서울특별시,동작구,노량진1동
21,원약국,"서울특별시 서초구 서초중앙로 36 1층 (서초동, 준영빌딩)",127.0162228,37.4855763,B,1165010800,서울특별시,서초구,서초동,H,1165051000,서울특별시,서초구,서초1동
22,희병약국,서울특별시 강남구 봉은사로43길 8 1층 (논현동),127.0399697,37.5098079,B,1168010800,서울특별시,강남구,논현동,H,1168053100,서울특별시,강남구,논현2동
23,강남제일약국,서울특별시 강남구 테헤란로 139 (역삼동),127.0343432,37.5004008,B,1168010100,서울특별시,강남구,역삼동,H,1168064000,서울특별시,강남구,역삼1동
24,래미안나나약국,"서울특별시 구로구 디지털로31길 86 (구로동, 삼성래미안아파트)",126.891386,37.4866667,B,1153010200,서울특별시,구로구,구로동,H,1153054000,서울특별시,구로구,구로3동
25,다나약국,서울특별시 구로구 경인로 216 (오류동),126.8448776,37.4961441,B,1153010800,서울특별시,구로구,오류동,H,1153077000,서울특별시,구로구,오류1동
26,아라약국,"서울특별시 서초구 서초대로77길 3 111호 (서초동, 아라타워)",127.0264975,37.4980667,B,1165010800,서울특별시,서초구,서초동,H,1165053100,서울특별시,서초구,서초4동
27,기린약국,서울특별시 서초구 잠원로 24 130호 (반포동),127.0098751,37.5071118,B,1165010700,서울특별시,서초구,반포동,H,1165056000,서울특별시,서초구,반포1동
28,신림수약국,"서울특별시 관악구 신림로 352 1층 (신림동, 연빌딩)",126.9298914,37.4858036,B,1162010200,서울특별시,관악구,신림동,H,1162069500,서울특별시,관악구,신림동
29,파크온누리약국,서울특별시 광진구 천호대로 666 지1층 B101호 (구의동),127.1359371,37.52805,B,1174010800,서울특별시,강동구,성내동,H,1174066000,서울특별시,강동구,성내3동
30,신중앙약국,서울특별시 중구 퇴계로 436 (신당동),127.0199483,37.5654782,B,1114016200,서울특별시,중구,신당동,H,1114065000,서울특별시,중구,신당5동
31,신대흥약국,서울특별시 영등포구 영등포로 157 (당산동1가),126.8991335,37.5211224,B,1156011100,서울특별시,영등포구,당산동1가,H,1156055000,서울특별시,영등포구,당산1동
32,세명약국,서울특별시 광진구 천호대로 575 (중곡동),127.0821409,37.5565183,B,1121510100,서울특별시,광진구,중곡동,H,1121575000,서울특별시,광진구,중곡2동
33,한마음약국,"서울특별시 송파구 중대로 24 (문정동, 훼밀리상가 131호)",127.1187912,37.4902451,B,1171010800,서울특별시,송파구,문정동,H,1171064200,서울특별시,송파구,문정2동
34,화인약국,"서울특별시 송파구 중대로 80 (문정동, 롯데마트 3층)",127.1178428,37.491762,B,1171010800,서울특별시,송파구,문정동,H,1171064200,서울특별시,송파구,문정2동
35,가까운행복약국,서울특별시 성북구 고려대로13길 8 1층 (안암동2가),127.0237049,37.5870376,B,1129012200,서울특별시,성북구,안암동2가,H,1129060000,서울특별시,성북구,안암동
36,봉천프라자약국,"서울특별시 관악구 남부순환로 1734 1층 (봉천동, 주원빌딩)",126.9427856,37.4819927,B,1162010100,서울특별시,관악구,봉천동,H,1162059500,서울특별시,관악구,청룡동
37,민중약국,서울특별시 동대문구 답십리로 9 1층 (전농동),127.0434979,37.5784427,B,1123010400,서울특별시,동대문구,전농동,H,1123056000,서울특별시,동대문구,전농1동
38,온누리은혜약국,"서울특별시 양천구 신정로 293 112, 114호 (신정동, 신트리 1단지 A상가)",126.8543984,37.5139862,B,1147010100,서울특별시,양천구,신정동,H,1147064000,서울특별시,양천구,신정3동
39,서현약국,서울특별시 성북구 정릉로 308 1층 (정릉동),127.0173848,37.6027334,B,1129013300,서울특별시,성북구,정릉동,H,1129062000,서울특별시,성북구,정릉1동
40,샘터약국,서울특별시 마포구 효창원로97길 10 1층 (공덕동),126.9630018,37.5493693,B,1144010200,서울특별시,마포구,공덕동,H,1144056500,서울특별시,마포구,공덕동
41,다사랑약국,"서울특별시 노원구 한글비석로 254 305호 (중계동, 대명프라자)",127.0770975,37.6504117,B,1135010600,서울특별시,노원구,중계동,H,1135061900,서울특별시,노원구,중계본동
42,보명약국,서울특별시 성동구 독서당로 280-7 (금호동4가),127.020482,37.5470855,B,1120011200,서울특별시,성동구,금호동4가,H,1120062000,서울특별시,성동구,금호4가동
43,드림약국,서울특별시 동대문구 천호대로 8 (신설동),127.0243449,37.5747799,B,1123010100,서울특별시,동대문구,신설동,H,1123053600,서울특별시,동대문구,용신동
44,이화약국,"서울특별시 노원구 한글비석로 384 319호 (중계동, 대호프라자)",127.0734393,37.6599272,B,1135010600,서울특별시,노원구,중계동,H,1135062400,서울특별시,노원구,중계4동
45,미소약국,서울특별시 광진구 면목로 126 (중곡동),127.0807832,37.5644968,B,1121510100,서울특별시,광진구,중곡동,H,1121574000,서울특별시,광진구,중곡1동
46,사랑약국,"서울특별시 노원구 노해로 482 4층 (상계동, 덕영빌딩)",127.0617327,37.6542666,B,1135010500,서울특별시,노원구,상계동,H,1135069500,서울특별시,노원구,상계6.7동
47,건강한약국,서울특별시 용산구 효창원로93길 2 (청파동2가),126.9632913,37.5485232,B,1117011900,서울특별시,용산구,효창동,H,1117058000,서울특별시,용산구,효창동
48,한겨레약국,서울특별시 은평구 연서로 219 (갈현동),126.9197474,37.6183423,B,1138010400,서울특별시,은평구,갈현동,H,1138055200,서울특별시,은평구,갈현2동
49,행복한온누리약국,"서울특별시 강서구 수명로 82 102호 (내발산동, 발산로얄타워)",126.8264536,37.553487,B,1150010600,서울특별시,강서구,내발산동,H,1150061100,서울특별시,강서구,발산1동
50,금강약국,서울특별시 성북구 안암로 103 1층 (안암동5가),127.0313127,37.5850014,B,1129012500,서울특별시,성북구,안암동5가,H,1129060000,서울특별시,성북구,안암동
51,종로당약국,"서울특별시 강서구 양천로57길 36 1층 (가양동, 가양5단지아파트)",126.8548294,37.5636713,B,1150010400,서울특별시,강서구,가양동,H,1150060400,서울특별시,강서구,가양2동
52,심해경희한약국,서울특별시 중구 퇴계로87길 15 1층 (황학동),127.0210444,37.5660994,B,1114016500,서울특별시,중구,황학동,H,1114067000,서울특별시,중구,황학동
53,건강약국,서울특별시 노원구 화랑로 463 (공릉동),127.0786692,37.6190042,B,1135010300,서울특별시,노원구,공릉동,H,1135059500,서울특별시,노원구,공릉1동
54,메디팜미소약국,"서울특별시 강북구 도봉로 34 1층 (미아동, 트레지오빌딩)",127.0307347,37.6120803,B,1130510100,서울특별시,강북구,미아동,H,1130554500,서울특별시,강북구,송중동
55,엄마약국,서울특별시 동대문구 휘경로 15 4층 402호 (이문동),127.0619761,37.5959308,B,1123011000,서울특별시,동대문구,이문동,H,1123074000,서울특별시,동대문구,이문1동
56,종로5가미래약국,서울특별시 종로구 종로 211-1 (종로5가),127.0012655,37.5712127,B,1111016300,서울특별시,종로구,종로5가,H,1111063000,서울특별시,종로구,종로5.6가동
57,중앙메디칼약국,"서울특별시 노원구 공릉로46길 23 203호 (공릉동, 한보상가)",127.0801894,37.6275761,B,1135010300,서울특별시,노원구,공릉동,H,1135060000,서울특별시,노원구,공릉2동
58,수약국,"서울특별시 종로구 종로 33 지하1층 B104호 (청진동, 그랑서울)",126.981484,37.5710023,B,1111012200,서울특별시,종로구,청진동,H,1111061500,서울특별시,종로구,종로1.2.3.4가동
59,하늘팜약국,"서울특별시 강서구 양천로 461 (가양동, 주영빌딩)",126.8522408,37.5630495,B,1150010400,서울특별시,강서구,가양동,H,1150060400,서울특별시,강서구,가양2동
60,더조은약국,서울특별시 강서구 곰달래로49길 29 산호빌딩 103호 (화곡동),126.8575932,37.5329383,B,1150010300,서울특별시,강서구,화곡동,H,1150055000,서울특별시,강서구,화곡2동
61,바다약국,서울특별시 서대문구 통일로 205-1 1층 (영천동),126.9608067,37.5713502,B,1141010800,서울특별시,서대문구,영천동,H,1141052000,서울특별시,서대문구,천연동
62,친절한약국,서울특별시 동작구 사당로 224 1층 (사당동),126.9725656,37.4837087,B,1159010700,서울특별시,동작구,사당동,H,1159065000,서울특별시,동작구,사당4동
63,세빛약국,서울특별시 서대문구 응암로 64 1층 (북가좌동),126.9107096,37.5787223,B,1141011900,서울특별시,서대문구,북가좌동,H,1141072000,서울특별시,서대문구,북가좌2동
64,대성모약국,서울특별시 영등포구 시흥대로 655 1층 (대림동),126.9072401,37.4904423,B,1156013300,서울특별시,영등포구,대림동,H,1156070000,서울특별시,영등포구,대림1동
65,우리들약국,서울특별시 관악구 난곡로 198 (신림동),126.9192716,37.4728341,B,1162010200,서울특별시,관악구,신림동,H,1162077500,서울특별시,관악구,난곡동
66,옥광약국,서울특별시 영등포구 대림로 247 (대림동),126.8962808,37.5025692,B,1156013300,서울특별시,영등포구,대림동,H,1156072000,서울특별시,영등포구,대림3동
67,한양약국,서울특별시 강남구 논현로176길 14 3층 일부호 (신사동),127.0324346,37.5239772,B,1168010700,서울특별시,강남구,신사동,H,1168054500,서울특별시,강남구,압구정동
68,수인옵티마약국,서울특별시 영등포구 영등포로 32 (양평동2가),126.8847949,37.5226806,B,1156012600,서울특별시,영등포구,양평동2가,H,1156061000,서울특별시,영등포구,양평1동
69,삼주약국,서울특별시 강남구 테헤란로 124 B-101호 (역삼동),127.0317205,37.4987952,B,1168010100,서울특별시,강남구,역삼동,H,1168064000,서울특별시,강남구,역삼1동
70,청솔약국,"서울특별시 서대문구 서소문로 21 지하1층 101호 (충정로3가, 충정타워빌딩)",126.964101,37.5598996,B,1141010200,서울특별시,서대문구,충정로3가,H,1141056500,서울특별시,서대문구,충현동
71,온누리부부약국,서울특별시 강동구 진황도로 189 104호 (둔촌동),127.1433454,37.5294493,B,1174010600,서울특별시,강동구,둔촌동,H,1174070000,서울특별시,강동구,둔촌2동
72,타조약국,"서울특별시 강남구 삼성로 707 1층 (청담동, 청담빌딩)",127.0496171,37.5192717,B,1168010400,서울특별시,강남구,청담동,H,1168056500,서울특별시,강남구,청담동
73,한국희귀필수의약품센터,"서울특별시 중구 무교로 6 12층(을지로1가 16, 금세기빌딩) (을지로1가)",126.9794889,37.5664812,B,1114010400,서울특별시,중구,을지로1가,H,1114055000,서울특별시,중구,명동
74,건강한우리약국,서울특별시 양천구 지양로 22 (신월동),126.8374709,37.5186361,B,1147010300,서울특별시,양천구,신월동,H,1147061100,서울특별시,양천구,신월7동
75,수태평양약국,서울특별시 구로구 고척로 144 두발로빌딩 1층 (고척동),126.8499827,37.5026787,B,1153010600,서울특별시,구로구,고척동,H,1153073000,서울특별시,구로구,고척2동
76,감람약국,서울특별시 송파구 문정로13길 11-10 1층 (가락동),127.1349406,37.4940987,B,1171010700,서울특별시,송파구,가락동,H,1171063200,서울특별시,송파구,가락2동
77,바른약국,"서울특별시 서초구 서초중앙로 45 1층 102호 (서초동, 서초레몬)",127.0154596,37.4857896,B,1165010800,서울특별시,서초구,서초동,H,1165053000,서울특별시,서초구,서초3동
78,새왕약국,서울특별시 성동구 광나루로 325 (송정동),127.0659195,37.5484452,B,1120011800,서울특별시,성동구,송정동,H,1120072000,서울특별시,성동구,송정동
79,석사민주약국,서울특별시 노원구 한글비석로 253 2층 205호 (중계동),127.0764303,37.6504182,B,1135010600,서울특별시,노원구,중계동,H,1135062100,서울특별시,노원구,중계1동
80,미도파약국,서울특별시 은평구 응암로 264 서울빌딩 1층 (응암동),126.9188925,37.5953086,B,1138010700,서울특별시,은평구,응암동,H,1138059000,서울특별시,은평구,응암2동
81,혜성약국,"서울특별시 광진구 능동로3길 5 111호 (자양동, 한강현대아파트종합상가)",127.0671803,37.5333166,B,1121510500,서울특별시,광진구,자양동,H,1121584700,서울특별시,광진구,자양4동
82,하나약국,"서울특별시 중구 무교로 32 4층 (무교동, 효령빌딩)",126.9795793,37.5687701,B,1114010100,서울특별시,중구,무교동,H,1114055000,서울특별시,중구,명동
83,강동프라자약국,서울특별시 강동구 올림픽로 624 (성내동),127.1232685,37.5370559,B,1174010800,서울특별시,강동구,성내동,H,1174065000,서울특별시,강동구,성내2동
84,본초당약국,"서울특별시 강서구 강서로45길 49-5 1층 101호,102호 (화곡동)",126.8333563,37.5475758,B,1150010300,서울특별시,강서구,화곡동,H,1150056000,서울특별시,강서구,화곡3동
85,이룸약국,"서울특별시 동대문구 한천로58길 47 (이문동, 쌍용아파트상가)",127.0685187,37.6003733,B,1123011000,서울특별시,동대문구,이문동,H,1123075000,서울특별시,동대문구,이문2동
86,염창메디칼약국,"서울특별시 강서구 양천로 731 104-1호 (염창동, 상가)",126.8776792,37.549794,B,1150010100,서울특별시,강서구,염창동,H,1150051000,서울특별시,강서구,염창동
87,삼성늘푸른약국,"서울특별시 도봉구 도봉로 476 206호 (창동, 삼성쉐르빌퍼스티)",127.0348005,37.6478854,B,1132010700,서울특별시,도봉구,창동,H,1132051100,서울특별시,도봉구,창1동
88,세계로약국,서울특별시 마포구 월드컵북로 347 1층 (상암동),126.8932098,37.5763559,B,1144012700,서울특별시,마포구,상암동,H,1144074000,서울특별시,마포구,상암동
89,늘푸른약국,서울특별시 중랑구 동일로 803 1층 (중화동),127.0790235,37.6021542,B,1126010300,서울특별시,중랑구,중화동,H,1126061000,서울특별시,중랑구,중화2동
90,승호약국,서울특별시 강동구 올림픽로 779 (암사동),127.1274819,37.5507516,B,1174010700,서울특별시,강동구,암사동,H,1174058000,서울특별시,강동구,암사2동
91,청담메디웰약국,"서울특별시 강남구 삼성로 772 105호 (청담동, 로데오프라자)",127.0480449,37.5236212,B,1168010400,서울특별시,강남구,청담동,H,1168056500,서울특별시,강남구,청담동
92,하얀약국,서울특별시 금천구 남부순환로 1290 (가산동),126.8940933,37.4783768,B,1154510100,서울특별시,금천구,가산동,H,1154551000,서울특별시,금천구,가산동
93,월드팜약국,서울특별시 강서구 화곡로 324 (화곡동),126.8507458,37.5526652,B,1150010300,서울특별시,강서구,화곡동,H,1150059100,서울특별시,강서구,화곡6동
94,한빛약국,"서울특별시 서대문구 세검정로1길 93 109호 (홍은동, 벽산아파트A상가)",126.945476,37.5946868,B,1141011800,서울특별시,서대문구,홍은동,H,1141066000,서울특별시,서대문구,홍은1동
95,태평양약국,서울특별시 종로구 수표로20길 43 1층 (종로3가),126.9957159,37.5703832,B,1111016100,서울특별시,종로구,종로4가,H,1111061500,서울특별시,종로구,종로1.2.3.4가동
96,사랑드림약국,서울특별시 동대문구 이문로 83 1층 (이문동),127.0588143,37.5945962,B,1123011000,서울특별시,동대문구,이문동,H,1123074000,서울특별시,동대문구,이문1동
97,맑은약국,서울특별시 강서구 양천로 600 1층 (등촌동),126.8646913,37.5554814,B,1150010200,서울특별시,강서구,등촌동,H,1150052000,서울특별시,강서구,등촌1동
98,도곡타워약국,"서울특별시 강남구 언주로30길 21 B1층 101-24A호 (도곡동, 아카데미스위트)",127.051637,37.4888094,B,1168011800,서울특별시,강남구,도곡동,H,1168065600,서울특별시,강남구,도곡2동
99,금강약국,"서울특별시 동작구 매봉로 178 B02호 (본동, 마본빌딩)",126.9521826,37.5122101,B,1159010400,서울특별시,동작구,본동,H,1159051000,서울특별시,동작구,노량진1동
100,스마일약국,"서울특별시 서초구 동작대로 132 지하2층 (방배동, 안석빌딩)",126.9827781,37.4882676,B,1165010100,서울특별시,서초구,방배동,H,1165062100,서울특별시,서초구,방배4동
101,서울종로약국,서울특별시 종로구 대학로 117 (명륜4가),127.0016605,37.5818155,B,1111017200,서울특별시,종로구,명륜4가,H,1111065000,서울특별시,종로구,혜화동
102,새봄약국,"서울특별시 마포구 월드컵로13길 34 1층 (망원동, 두드림빌딩)",126.9082679,37.5556355,B,1144012300,서울특별시,마포구,망원동,H,1144069000,서울특별시,마포구,망원1동
103,엔젤팜약국,서울특별시 강북구 삼양로19길 59 대선빌딩 1층 (미아동),127.0193852,37.6157489,B,1130510100,서울특별시,강북구,미아동,H,1130557500,서울특별시,강북구,삼각산동
104,영등포진약국,서울특별시 영등포구 영중로 63 1층 (영등포동6가),126.9047413,37.5220411,B,1156010700,서울특별시,영등포구,영등포동6가,H,1156053500,서울특별시,영등포구,영등포동
105,보룡약국,서울특별시 양천구 목동중앙북로 3 (목동),126.8640467,37.5488207,B,1147010200,서울특별시,양천구,목동,H,1147053000,서울특별시,양천구,목3동
106,기림약국,서울특별시 은평구 응암로22길 8 (응암동),126.9188497,37.5936246,B,1138010700,서울특별시,은평구,응암동,H,1138059000,서울특별시,은평구,응암2동
107,푸른온누리약국,서울특별시 서초구 바우뫼로35길 22 1층 (양재동),127.0388381,37.4797458,B,1165010200,서울특별시,서초구,양재동,H,1165065100,서울특별시,서초구,양재1동
108,성모약국,서울특별시 성동구 뚝섬로 388 (성수동2가),127.0536753,37.5390165,B,1120011500,서울특별시,성동구,성수동2가,H,1120067000,서울특별시,성동구,성수2가1동
109,신보생약국,서울특별시 금천구 시흥대로148길 37 (독산동),126.9009775,37.4750791,B,1154510200,서울특별시,금천구,독산동,H,1154563000,서울특별시,금천구,독산3동
110,역삼약국,서울특별시 강남구 역삼로 128 101호 (역삼동),127.0337328,37.4939945,B,1168010100,서울특별시,강남구,역삼동,H,1168064000,서울특별시,강남구,역삼1동
111,대지약국,서울특별시 금천구 독산로 252 (독산동),126.9026443,37.4692431,B,1154510200,서울특별시,금천구,독산동,H,1154564000,서울특별시,금천구,독산4동
112,별약국,서울특별시 동작구 상도로 104 (상도동),126.9321692,37.5004476,B,1159010200,서울특별시,동작구,상도동,H,1159056000,서울특별시,동작구,상도4동
113,서초백화점약국,"서울특별시 서초구 효령로 279 1층 (서초동, 상경빌딩)",127.0147775,37.4849497,B,1165010800,서울특별시,서초구,서초동,H,1165053000,서울특별시,서초구,서초3동
114,명문약국,서울특별시 송파구 마천로41길 20 1층 (마천동),127.1496918,37.497032,B,1171011400,서울특별시,송파구,마천동,H,1171055000,서울특별시,송파구,마천2동
115,밝은미소약국,서울특별시 동작구 사당로 215 108호 (사당동),126.9723834,37.484352,B,1159010700,서울특별시,동작구,사당동,H,1159064000,서울특별시,동작구,사당3동
116,푸른솔약국,서울특별시 노원구 공릉로58가길 14 1층 (하계동),127.0728252,37.6362689,B,1135010400,서울특별시,노원구,하계동,H,1135061100,서울특별시,노원구,하계1동
117,건강한약국,서울특별시 금천구 남부순환로 1384 (독산동),126.9044894,37.4797008,B,1154510200,서울특별시,금천구,독산동,H,1154563000,서울특별시,금천구,독산3동
118,양재메디칼약국,서울특별시 서초구 동산로 64 (양재동),127.0457816,37.4718182,B,1165010200,서울특별시,서초구,양재동,H,1165065200,서울특별시,서초구,양재2동
119,대우당약국,서울특별시 금천구 은행나무로 34 (시흥동),126.9061509,37.4506961,B,1154510300,서울특별시,금천구,시흥동,H,1154571000,서울특별시,금천구,시흥5동
120,자명약국,서울특별시 구로구 디지털로 219 (가리봉동),126.8902632,37.4800478,B,1153010300,서울특별시,구로구,가리봉동,H,1153059500,서울특별시,구로구,가리봉동
121,신사약국,서울특별시 강남구 도산대로 109 1층 101호 (신사동),127.0205249,37.5168691,B,1168010700,서울특별시,강남구,신사동,H,1168051000,서울특별시,강남구,신사동
122,세종약국,서울특별시 금천구 독산로 199 (독산동),126.9025488,37.4646824,B,1154510200,서울특별시,금천구,독산동,H,1154562000,서울특별시,금천구,독산2동
123,팜메이트수정약국,서울특별시 강남구 선릉로 338 103호 (대치동),127.0515062,37.4998981,B,1168010600,서울특별시,강남구,대치동,H,1168063000,서울특별시,강남구,대치4동
124,하늘약국,서울특별시 송파구 백제고분로 276 202호 (석촌동),127.0972748,37.5021105,B,1171010500,서울특별시,송파구,석촌동,H,1171060000,서울특별시,송파구,석촌동
125,대치이화약국,"서울특별시 강남구 역삼로 536 3층 (대치동, 동성빌딩)",127.0617184,37.5038257,B,1168010600,서울특별시,강남구,대치동,H,1168061000,서울특별시,강남구,대치2동
126,청호봄약국,서울특별시 송파구 석촌호수로 118 4층 403호 (잠실동),127.0900425,37.5074428,B,1171010100,서울특별시,송파구,잠실동,H,1171065000,서울특별시,송파구,잠실본동
127,태양약국,서울특별시 서초구 사임당로 158 리더스원 상가 1층 148호 (서초동),127.0253504,37.5253704,B,1168010700,서울특별시,강남구,신사동,H,1168051000,서울특별시,강남구,신사동
128,메디팜나리약국,"서울특별시 서초구 서운로 208 1층 106호 (서초동, 삼호종합상가)",127.0217846,37.5015193,B,1165010800,서울특별시,서초구,서초동,H,1165053100,서울특별시,서초구,서초4동
129,임마누엘온누리약국,서울특별시 서초구 방배로 244 1층 (방배동),126.9894965,37.4948851,B,1165010100,서울특별시,서초구,방배동,H,1165059000,서울특별시,서초구,방배본동
130,하나약국,서울특별시 구로구 구로동로 179 (구로동),126.8825703,37.4944099,B,1153010200,서울특별시,구로구,구로동,H,1153053000,서울특별시,구로구,구로2동
131,김포약국,서울특별시 강서구 방화동로 70 (방화동),126.8128631,37.5666847,B,1150010900,서울특별시,강서구,방화동,H,1150063000,서울특별시,강서구,방화1동
132,햇살약국,서울특별시 송파구 위례성대로20길 31 1층 (오금동),127.1272582,37.5086937,B,1171011200,서울특별시,송파구,오금동,H,1171057000,서울특별시,송파구,오금동
133,연합약국,서울특별시 중구 퇴계로 120 1층 (남산동1가),126.9850969,37.5605802,B,1114012800,서울특별시,중구,남산동1가,H,1114055000,서울특별시,중구,명동
134,건강한온누리약국,서울특별시 강남구 압구정로34길 11 압구정스퀘어 (신사동),127.0309965,37.5274022,B,1168010700,서울특별시,강남구,신사동,H,1168054500,서울특별시,강남구,압구정동
135,세화당약국,서울특별시 중랑구 중랑역로 21 (중화동),127.0759639,37.5959081,B,1126010300,서울특별시,중랑구,중화동,H,1126061000,서울특별시,중랑구,중화2동
136,제생약국,"서울특별시 구로구 개봉로3가길 57 (개봉동, 제생약국)",126.85348,37.483678,B,1153010700,서울특별시,구로구,개봉동,H,1153076000,서울특별시,구로구,개봉3동
137,열린온누리약국,"서울특별시 노원구 공릉로 173 1층 (공릉동, 메디홈즈빌딩)",127.0797227,37.62532,B,1135010300,서울특별시,노원구,공릉동,H,1135060000,서울특별시,노원구,공릉2동
138,흥명약국,서울특별시 동대문구 고산자로30길 56 (용두동),127.0413391,37.5754697,B,1123010200,서울특별시,동대문구,용두동,H,1123053600,서울특별시,동대문구,용신동
139,뿌리약국,"서울특별시 서초구 방배로 177 (방배동, 레마빌딩)",126.9922868,37.4892973,B,1165010100,서울특별시,서초구,방배동,H,1165062100,서울특별시,서초구,방배4동
140,참온누리약국,서울특별시 용산구 신흥로 150-1 (후암동),126.9815454,37.5466793,B,1117010100,서울특별시,용산구,후암동,H,1117051000,서울특별시,용산구,후암동
141,좋은약국,서울특별시 중구 다산로 114-8 1층 (신당동),127.0106961,37.5538419,B,1114016200,서울특별시,중구,신당동,H,1114063500,서울특별시,중구,약수동
142,아크로약국,"서울특별시 마포구 마포대로 68 210-2호 (도화동, 마포아크로타워)",126.9489375,37.5413333,B,1144010400,서울특별시,마포구,도화동,H,1144058500,서울특별시,마포구,도화동
143,별약국,서울특별시 강동구 풍성로38길 9 102호 (성내동),127.1256185,37.5316357,B,1174010800,서울특별시,강동구,성내동,H,1174064000,서울특별시,강동구,성내1동
144,대한당약국,서울특별시 용산구 우사단로10길 42 (한남동),126.9978674,37.5328259,B,1117013100,서울특별시,용산구,한남동,H,1117068500,서울특별시,용산구,한남동
145,용강약국,서울특별시 동작구 노량진로26길 13 (본동),126.9544238,37.5116621,B,1159010400,서울특별시,동작구,본동,H,1159051000,서울특별시,동작구,노량진1동
146,명성약국,"서울특별시 마포구 월드컵로 87 103호 (망원동, 마포로얄프라자)",126.9092417,37.5565213,B,1144012300,서울특별시,마포구,망원동,H,1144069000,서울특별시,마포구,망원1동
147,연세약국,서울특별시 마포구 성미산로10길 44 1층 (서교동),126.9151197,37.5576216,B,1144012000,서울특별시,마포구,서교동,H,1144066000,서울특별시,마포구,서교동
148,보영약국,서울특별시 송파구 성내천로34길 24-1 (마천동),127.153811,37.497328,B,1171011400,서울특별시,송파구,마천동,H,1171055000,서울특별시,송파구,마천2동
149,포도원온누리약국,서울특별시 광진구 능동로 265 (군자동),127.0773189,37.5537343,B,1121510900,서울특별시,광진구,군자동,H,1121573000,서울특별시,광진구,군자동
150,신논현비비약국,서울특별시 강남구 강남대로 476 urbanhive 지하2층 (논현동),127.0248029,37.5049158,B,1168010800,서울특별시,강남구,논현동,H,1168052100,서울특별시,강남구,논현1동
151,장수알파약국,서울특별시 서초구 서초중앙로 38 정원빌딩 1층 (서초동),127.0163019,37.485459,B,1165010800,서울특별시,서초구,서초동,H,1165051000,서울특별시,서초구,서초1동
152,올리브온누리약국,서울특별시 강남구 테헤란로20길 11 1층 (역삼동),127.0345782,37.4990028,B,1168010100,서울특별시,강남구,역삼동,H,1168064000,서울특별시,강남구,역삼1동
153,유정약국,서울특별시 은평구 연서로 258 (불광동),126.9233602,37.619819,B,1138010300,서울특별시,은평구,불광동,H,1138052000,서울특별시,은평구,불광1동
154,스타온누리약국,"서울특별시 강동구 아리수로50길 50 4층 405,406,407호 (고덕동, 고덕래미안힐스테이트)",127.1489063,37.559109,B,1174010200,서울특별시,강동구,고덕동,H,1174055000,서울특별시,강동구,고덕1동
155,마리약국,"서울특별시 강남구 논현로 819 1층 (신사동, 명광빌딩)",127.0278945,37.5216344,B,1168010700,서울특별시,강남구,신사동,H,1168051000,서울특별시,강남구,신사동
156,아름다운온누리약국,서울특별시 노원구 동일로 1370 1층 (상계동),127.0618793,37.6509222,B,1135010500,서울특별시,노원구,상계동,H,1135069500,서울특별시,노원구,상계6.7동
157,그랜드온누리약국,서울특별시 동대문구 장한로 14 (장안동),127.0657671,37.5626145,B,1123010600,서울특별시,동대문구,장안동,H,1123065000,서울특별시,동대문구,장안1동
158,하이약국,서울특별시 용산구 한강대로 256 1층 (남영동),126.9735262,37.5412973,B,1117010500,서울특별시,용산구,남영동,H,1117053000,서울특별시,용산구,남영동
159,정문약국,서울특별시 도봉구 우이천로 302 (쌍문동),127.0290698,37.6446761,B,1132010500,서울특별시,도봉구,쌍문동,H,1132068000,서울특별시,도봉구,쌍문3동
160,정다운약국,서울특별시 용산구 원효로 155 1층 (원효로2가),126.9603054,37.5350338,B,1117011300,서울특별시,용산구,원효로2가,H,1117056000,서울특별시,용산구,원효로1동
161,뉴지명약국,서울특별시 도봉구 덕릉로 236 1층 (창동),127.038526,37.638749,B,1132010700,서울특별시,도봉구,창동,H,1132051300,서울특별시,도봉구,창3동
162,월드약국,서울특별시 강동구 구천면로 229-1 (천호동),127.1299251,37.5413572,B,1174010900,서울특별시,강동구,천호동,H,1174061000,서울특별시,강동구,천호2동
163,삼호성심약국,"서울특별시 노원구 마들로 111 308호 (월계동, 삼호아파트상가)",127.0657785,37.6239862,B,1135010200,서울특별시,노원구,월계동,H,1135058000,서울특별시,노원구,월계3동
164,녹원약국,서울특별시 관악구 신림로 261 (신림동),126.9321553,37.4780564,B,1162010200,서울특별시,관악구,신림동,H,1162064500,서울특별시,관악구,서원동
165,봄약국,서울특별시 서대문구 증가로 98 1층 (남가좌동),126.9261627,37.5760352,B,1141012000,서울특별시,서대문구,남가좌동,H,1141070000,서울특별시,서대문구,남가좌2동
166,제니스약국,서울특별시 중구 다산로46길 17 2층 213호 (흥인동),127.017344,37.5671017,B,1114016300,서울특별시,중구,흥인동,H,1114061500,서울특별시,중구,신당동
167,관악우리약국,서울특별시 관악구 남부순환로 1630 (신림동),126.9317495,37.4842533,B,1162010200,서울특별시,관악구,신림동,H,1162064500,서울특별시,관악구,서원동
168,다올약국,서울특별시 양천구 남부순환로40길 7 (신월동),126.8281122,37.534918,B,1147010300,서울특별시,양천구,신월동,H,1147058000,서울특별시,양천구,신월3동
169,양재팜24약국,서울특별시 서초구 남부순환로350길 36 1층 (양재동),127.0362334,37.4833001,B,1165010200,서울특별시,서초구,양재동,H,1165065100,서울특별시,서초구,양재1동
170,남영약국,"서울특별시 종로구 삼일대로 461 (경운동, 운현궁SK허브)",126.9858355,37.57566,B,1111013400,서울특별시,종로구,경운동,H,1111061500,서울특별시,종로구,종로1.2.3.4가동
171,기분좋은약국,서울특별시 금천구 시흥대로139길 15 (독산동),126.8972021,37.4727825,B,1154510200,서울특별시,금천구,독산동,H,1154561000,서울특별시,금천구,독산1동
172,약수하나약국,"서울특별시 중구 다산로 111 1층 (신당동, 한미빌딩)",127.0098622,37.5539951,B,1114016200,서울특별시,중구,신당동,H,1114062500,서울특별시,중구,다산동
173,올리브약국,서울특별시 강남구 선릉로 669 상경빌딩 지하1층 (논현동),127.041237,37.5166379,B,1168010800,서울특별시,강남구,논현동,H,1168053100,서울특별시,강남구,논현2동
174,사랑의약국,서울특별시 성북구 종암로 115 (종암동),127.0335726,37.6003831,B,1129013500,서울특별시,성북구,종암동,H,1129070500,서울특별시,성북구,종암동
175,옵티마e-편한약국,"서울특별시 성북구 삼양로13길 45 401호 (길음동, 길음뉴타운,e편한세상 대림상가)",127.0196773,37.610739,B,1129013400,서울특별시,성북구,길음동,H,1129066000,서울특별시,성북구,길음1동
176,굿모닝약국,"서울특별시 마포구 월드컵북로 361 102호 (상암동, 디엠씨이안 상암2단지)",126.8914038,37.5771097,B,1144012700,서울특별시,마포구,상암동,H,1144074000,서울특별시,마포구,상암동
177,신성심약국,서울특별시 관악구 관악로 205 1층 (봉천동),126.9539617,37.4833948,B,1162010100,서울특별시,관악구,봉천동,H,1162061500,서울특별시,관악구,중앙동
178,은행나무약국,서울특별시 금천구 금하로 705 2층 (시흥동),126.9083608,37.4515803,B,1154510300,서울특별시,금천구,시흥동,H,1154571000,서울특별시,금천구,시흥5동
179,도곡우리약국,"서울특별시 강남구 선릉로 225 214호 (도곡동, 도곡렉슬아파트)",127.0527051,37.4953009,B,1168011800,서울특별시,강남구,도곡동,H,1168065600,서울특별시,강남구,도곡2동
180,새명성약국,서울특별시 종로구 새문안로 85 1층 (신문로1가),126.9741249,37.5704241,B,1111012000,서울특별시,종로구,신문로1가,H,1111053000,서울특별시,종로구,사직동
181,신대방약국,서울특별시 동작구 상도로 77 (대방동),126.9292454,37.4999073,B,1159010800,서울특별시,동작구,대방동,H,1159066000,서울특별시,동작구,대방동
182,새암온누리약국,서울특별시 강북구 도봉로 308 1층 (번동),127.0238352,37.6356641,B,1130510200,서울특별시,강북구,번동,H,1130559500,서울특별시,강북구,번1동
183,천지인약국,"서울특별시 양천구 중앙로 282 (신정동, 에이스빌딩)",126.8525901,37.5215562,B,1147010100,서울특별시,양천구,신정동,H,1147065000,서울특별시,양천구,신정4동
184,강약국,"서울특별시 동작구 서달로 158 (흑석동, 명수대상가104호)",126.9622122,37.5074679,B,1159010500,서울특별시,동작구,흑석동,H,1159060500,서울특별시,동작구,흑석동
185,광주약국,서울특별시 관악구 관악로 268 (봉천동),126.9582904,37.4879331,B,1162010100,서울특별시,관악구,봉천동,H,1162054500,서울특별시,관악구,청림동
186,한림약국,"서울특별시 양천구 중앙로32길 61 102호 (신정동, 현대프라자)",126.860313,37.5200832,B,1147010100,서울특별시,양천구,신정동,H,1147062000,서울특별시,양천구,신정1동
187,영광약국,서울특별시 금천구 시흥대로149길 7 (독산동),126.8973822,37.4758776,B,1154510200,서울특별시,금천구,독산동,H,1154561000,서울특별시,금천구,독산1동
188,현대약국,서울특별시 영등포구 도림로 158 (대림동),126.8993893,37.4941733,B,1156013300,서울특별시,영등포구,대림동,H,1156071000,서울특별시,영등포구,대림2동
189,거평원온누리약국,"서울특별시 강남구 봉은사로 129 지하1층 (논현동, 거평타운)",127.028339,37.5059195,B,1168010800,서울특별시,강남구,논현동,H,1168052100,서울특별시,강남구,논현1동
190,라임약국,"서울특별시 강서구 강서로13길 3 (화곡동, 동진빌딩)",126.8460657,37.5322971,B,1150010300,서울특별시,강서구,화곡동,H,1150054000,서울특별시,강서구,화곡1동
191,교보약국,서울특별시 관악구 남부순환로 1827 1층 (봉천동),126.9534277,37.4813525,B,1162010100,서울특별시,관악구,봉천동,H,1162057500,서울특별시,관악구,행운동
192,마음약국,서울특별시 노원구 동일로 1417 1층 (상계동),127.0599912,37.6550409,B,1135010500,서울특별시,노원구,상계동,H,1135069500,서울특별시,노원구,상계6.7동
193,한솔약국,서울특별시 광진구 아차산로 621 1층 (광장동),127.107048,37.5483832,B,1121510400,서울특별시,광진구,광장동,H,1121581000,서울특별시,광진구,광장동
194,수빈온누리약국,서울특별시 강동구 풍성로 116 (성내동),127.124989,37.5318969,B,1174010800,서울특별시,강동구,성내동,H,1174064000,서울특별시,강동구,성내1동
195,온누리건강약국,서울특별시 송파구 백제고분로12길 17 (잠실동),127.0807043,37.5046028,B,1171010100,서울특별시,송파구,잠실동,H,1171065000,서울특별시,송파구,잠실본동
196,창현약국,"서울특별시 강남구 선릉로 815 (신사동, 신한양빌딩)",127.0394184,37.524883,B,1168010700,서울특별시,강남구,신사동,H,1168054500,서울특별시,강남구,압구정동
197,중앙명성약국,서울특별시 동작구 흑석로 106-7 (흑석동),126.9615167,37.5078273,B,1159010500,서울특별시,동작구,흑석동,H,1159060500,서울특별시,동작구,흑석동
198,우일약국,서울특별시 관악구 난곡로24길 5 (신림동),126.9204698,37.4698898,B,1162010200,서울특별시,관악구,신림동,H,1162077500,서울특별시,관악구,난곡동
199,초원약국,서울특별시 영등포구 영중로 31 (영등포동4가),126.9048988,37.5190705,B,1156010500,서울특별시,영등포구,영등포동4가,H,1156053500,서울특별시,영등포구,영등포동
200,정약국,서울특별시 강남구 봉은사로 331 지하1층 일부호 (논현동),127.0429841,37.5102889,B,1168010800,서울특별시,강남구,논현동,H,1168053100,서울특별시,강남구,논현2동
201,엘림약국,서울특별시 관악구 신림로 322 (신림동),126.9301156,37.4829836,B,1162010200,서울특별시,관악구,신림동,H,1162064500,서울특별시,관악구,서원동
202,종로약국,서울특별시 구로구 고척로 142 (고척동),126.8496644,37.5025706,B,1153010600,서울특별시,구로구,고척동,H,1153073000,서울특별시,구로구,고척2동
203,천명약국,서울특별시 송파구 오금로 95 1층 (방이동),127.1077249,37.5137648,B,1171011100,서울특별시,송파구,방이동,H,1171056200,서울특별시,송파구,방이2동
204,목동건강약국,서울특별시 양천구 목동로27길 6 1층 (신정동),126.8632654,37.5286543,B,1147010100,서울특별시,양천구,신정동,H,1147065000,서울특별시,양천구,신정4동
205,청량리중앙약국,서울특별시 동대문구 왕산로 214 403호 (전농동),127.051139,37.5841971,B,1123010400,서울특별시,동대문구,전농동,H,1123056000,서울특별시,동대문구,전농1동
206,중외약국,서울특별시 강남구 학동로4길 35 (논현동),127.0239878,37.5091939,B,1168010800,서울특별시,강남구,논현동,H,1168052100,서울특별시,강남구,논현1동
207,진솔약국,서울특별시 구로구 경인로 211-1 (오류동),126.8443621,37.4965396,B,1153010800,서울특별시,구로구,오류동,H,1153077000,서울특별시,구로구,오류1동
208,역삼이화약국,서울특별시 강남구 논현로 340 1층 (역삼동),127.0396503,37.495772,B,1168010100,서울특별시,강남구,역삼동,H,1168065000,서울특별시,강남구,역삼2동
209,굿윌압구정약국,서울특별시 강남구 압구정로30길 12 1층 101호 (신사동),127.0290968,37.526711,B,1168010700,서울특별시,강남구,신사동,H,1168054500,서울특별시,강남구,압구정동
210,온정약국,서울특별시 강남구 논현로 648 1층 일부호 (논현동),127.0322915,37.5115889,B,1168010800,서울특별시,강남구,논현동,H,1168053100,서울특별시,강남구,논현2동
211,푸르지오진흥약국,서울특별시 강동구 명일로 176 1층 (둔촌동),127.1453145,37.5344989,B,1174010600,서울특별시,강동구,둔촌동,H,1174070000,서울특별시,강동구,둔촌2동
212,대영약국,"서울특별시 동작구 만양로 26 215호 (상도동, 건영아파트상가)",126.9499848,37.5077626,B,1159010100,서울특별시,동작구,노량진동,H,1159051000,서울특별시,동작구,노량진1동
213,온누리청수약국,서울특별시 성북구 보국문로 164 (정릉동),127.0032572,37.6169892,B,1129013300,서울특별시,성북구,정릉동,H,1129065000,서울특별시,성북구,정릉4동
214,선수촌약국,"서울특별시 송파구 올림픽로4길 17 (잠실동, 아시아선수촌상가 1-137호)",127.0771146,37.5086777,B,1171010100,서울특별시,송파구,잠실동,H,1171072000,서울특별시,송파구,잠실7동
215,송이약국,서울특별시 도봉구 도봉로113길 41 (쌍문동),127.0318986,37.6483714,B,1132010500,서울특별시,도봉구,쌍문동,H,1132068000,서울특별시,도봉구,쌍문3동
216,활명당약국,서울특별시 서대문구 통일로 145-1 (냉천동),126.9649331,37.5672098,B,1141010500,서울특별시,서대문구,냉천동,H,1141052000,서울특별시,서대문구,천연동
217,호성약국,서울특별시 양천구 중앙로36길 16-1 (신정동),126.8559129,37.5194625,B,1147010100,서울특별시,양천구,신정동,H,1147062000,서울특별시,양천구,신정1동
218,유성약국,"서울특별시 노원구 덕릉로 459-37 123호 (상계동, 주공1단지 가상가)",127.059675,37.6468154,B,1135010500,서울특별시,노원구,상계동,H,1135069500,서울특별시,노원구,상계6.7동
219,종우약국,"서울특별시 송파구 양재대로 1222 (방이동, 올림픽프라자상가 1층 94호)",127.1310643,37.515729,B,1171011100,서울특별시,송파구,방이동,H,1171056600,서울특별시,송파구,오륜동
220,대우실로암약국,서울특별시 양천구 월정로50길 10 (신월동),126.8310651,37.541674,B,1147010300,서울특별시,양천구,신월동,H,1147060000,서울특별시,양천구,신월5동
221,시대약국,서울특별시 성동구 마장로 321 (마장동),127.0447331,37.5675566,B,1120010500,서울특별시,성동구,마장동,H,1120054000,서울특별시,성동구,마장동
222,메디칼청실약국,"서울특별시 강남구 남부순환로 2917 112호, 113호 (대치동, 청실상가동)",127.059201,37.4931523,B,1168010600,서울특별시,강남구,대치동,H,1168060000,서울특별시,강남구,대치1동
223,신일약국,서울특별시 마포구 손기정로 54 1층 (아현동),126.9624673,37.5560839,B,1144010100,서울특별시,마포구,아현동,H,1144056500,서울특별시,마포구,공덕동
224,코코약국,서울특별시 강남구 논현로28길 48 (도곡동),127.0457226,37.4843405,B,1168011800,서울특별시,강남구,도곡동,H,1168065600,서울특별시,강남구,도곡2동
225,윤약국,서울특별시 강서구 가로공원로76길 91 (화곡동),126.838986,37.5332224,B,1150010300,서울특별시,강서구,화곡동,H,1150054000,서울특별시,강서구,화곡1동
226,용약국,서울특별시 마포구 신촌로 102-1 1층 (노고산동),126.9373819,37.554616,B,1144011000,서울특별시,마포구,노고산동,H,1144060000,서울특별시,마포구,대흥동
227,성실약국,서울특별시 은평구 갈현로11길 26 지층 (구산동),126.9077511,37.605127,B,1138010500,서울특별시,은평구,구산동,H,1138056000,서울특별시,은평구,구산동
228,녹십자약국,서울특별시 영등포구 대림로 157 (대림동),126.8994776,37.4948846,B,1156013300,서울특별시,영등포구,대림동,H,1156072000,서울특별시,영등포구,대림3동
229,조일약국,서울특별시 성북구 삼선교로10길 38 (삼선동1가),127.0096929,37.5863908,B,1129011100,서울특별시,성북구,삼선동1가,H,1129055500,서울특별시,성북구,삼선동
230,동아약국,서울특별시 중랑구 동일로130길 52 (중화동),127.0829599,37.600186,B,1126010300,서울특별시,중랑구,중화동,H,1126060000,서울특별시,중랑구,중화1동
231,팜엑스약국,"서울특별시 강남구 봉은사로 524 H112호 (삼성동, 코엑스몰)",127.0572911,37.5128784,B,1168010500,서울특별시,강남구,삼성동,H,1168058000,서울특별시,강남구,삼성1동
232,다현약국,서울특별시 강남구 언주로167길 46 1층 2호 (신사동),127.029393,37.5266107,B,1168010700,서울특별시,강남구,신사동,H,1168054500,서울특별시,강남구,압구정동
233,영보약국,서울특별시 강서구 양천로57길 16 (가양동),126.8525226,37.5633795,B,1150010400,서울특별시,강서구,가양동,H,1150060400,서울특별시,강서구,가양2동
234,한미약국,서울특별시 성북구 종암로 97 (종암동),127.0342575,37.5989708,B,1129013500,서울특별시,성북구,종암동,H,1129070500,서울특별시,성북구,종암동
235,일번약국,서울특별시 송파구 토성로 21 (풍납동),127.1130219,37.5308086,B,1171010300,서울특별시,송파구,풍납동,H,1171052000,서울특별시,송파구,풍납2동
236,종로모범약국,서울특별시 노원구 덕릉로 730 107호 (상계동),127.0761611,37.6627862,B,1135010500,서울특별시,노원구,상계동,H,1135066500,서울특별시,노원구,상계3.4동
237,광진온누리약국,"서울특별시 광진구 아차산로69길 8 103, 104호 (광장동)",127.0985302,37.5425315,B,1121510400,서울특별시,광진구,광장동,H,1121581000,서울특별시,광진구,광장동
238,수인약국,"서울특별시 동대문구 장한로 119 3층 305호 (장안동, 삼성쉐르빌빌딩)",127.0705625,37.5713,B,1123010600,서울특별시,동대문구,장안동,H,1123065000,서울특별시,동대문구,장안1동
239,옵티마하나약국,"서울특별시 송파구 올림픽로51길 30 (풍납동, 대아(아)상가 1층14호)",127.1180986,37.5328767,B,1171010300,서울특별시,송파구,풍납동,H,1171052000,서울특별시,송파구,풍납2동
240,목동복지약국,서울특별시 양천구 목동동로 430 (목동),126.8850851,37.5350632,B,1147010200,서울특별시,양천구,목동,H,1147055000,서울특별시,양천구,목5동
241,우리약국,서울특별시 강동구 구천면로 250 (천호동),127.1314715,37.5425218,B,1174010900,서울특별시,강동구,천호동,H,1174060000,서울특별시,강동구,천호1동
242,바른손약국,서울특별시 동대문구 휘경로 34 (휘경동),127.0635526,37.5947809,B,1123010900,서울특별시,동대문구,휘경동,H,1123072000,서울특별시,동대문구,휘경1동
243,예약국,"서울특별시 강서구 공항대로41길 75 108호 (등촌동, 경원프라자)",126.8463831,37.5611523,B,1150010200,서울특별시,강서구,등촌동,H,1150053500,서울특별시,강서구,등촌3동
244,예다인온누리약국,"서울특별시 강서구 양천로 452 1층 105-1호 (등촌동, 예다인상가)",126.8508201,37.5628582,B,1150010200,서울특별시,강서구,등촌동,H,1150053500,서울특별시,강서구,등촌3동
245,대학약국,서울특별시 성동구 사근동길 4 1층 (행당동),127.0416034,37.559988,B,1120010700,서울특별시,성동구,행당동,H,1120055000,서울특별시,성동구,사근동
246,다마트약국,서울특별시 강서구 금낭화로 135 (방화동),126.8124526,37.5774508,B,1150010900,서울특별시,강서구,방화동,H,1150064100,서울특별시,강서구,방화3동
247,우리들약국,서울특별시 은평구 연서로 35 1층 (역촌동),126.915578,37.6022741,B,1138010800,서울특별시,은평구,역촌동,H,1138062500,서울특별시,은평구,역촌동
248,스마일약국,"서울특별시 광진구 아차산로 546 104호 (광장동, 삼성아파트상가)",127.1019826,37.5429223,B,1121510400,서울특별시,광진구,광장동,H,1121581000,서울특별시,광진구,광장동
249,다나을약국,"서울특별시 강북구 도봉로 333 6층 (수유동, 정우빌딩)",127.0250751,37.6378733,B,1130510300,서울특별시,강북구,수유동,H,1130563500,서울특별시,강북구,수유3동
250,초록약국,서울특별시 중랑구 용마산로 426 (면목동),127.0971188,37.5894344,B,1126010100,서울특별시,중랑구,면목동,H,1126057500,서울특별시,중랑구,면목제3.8동
251,건강제일녹십자약국,서울특별시 도봉구 해등로 190 (쌍문동),127.035725,37.6582071,B,1132010500,서울특별시,도봉구,쌍문동,H,1132067000,서울특별시,도봉구,쌍문2동
252,메디칼하나약국,서울특별시 중구 다산로 134 (신당동),127.0114361,37.5556879,B,1114016200,서울특별시,중구,신당동,H,1114064500,서울특별시,중구,청구동
253,진로약국,"서울특별시 성동구 성덕정길 106 (성수동2가,승재빌딩 1층)",127.0551164,37.5371539,B,1120011500,서울특별시,성동구,성수동2가,H,1120067000,서울특별시,성동구,성수2가1동
254,초록약국,서울특별시 도봉구 방학로 163 (방학동),127.03399,37.6621935,B,1132010600,서울특별시,도봉구,방학동,H,1132071000,서울특별시,도봉구,방학3동
255,태림약국,서울특별시 관악구 장군봉2길 2 (봉천동),126.9401687,37.482383,B,1162010100,서울특별시,관악구,봉천동,H,1162059500,서울특별시,관악구,청룡동
256,푸른약국,서울특별시 서대문구 거북골로 67 (남가좌동),126.9211485,37.5774402,B,1141012000,서울특별시,서대문구,남가좌동,H,1141070000,서울특별시,서대문구,남가좌2동
257,유성약국,서울특별시 동작구 등용로14길 65 (노량진동),126.9351456,37.5125202,B,1159010100,서울특별시,동작구,노량진동,H,1159052000,서울특별시,동작구,노량진2동
258,송약국,서울특별시 영등포구 디지털로 413 101호 송약국 (대림동),126.9685302,37.5627919,B,1141010400,서울특별시,서대문구,미근동,H,1141056500,서울특별시,서대문구,충현동
259,유한약국,"서울특별시 송파구 올림픽로 104 (잠실동, 동성빌딩 1층 3호)",127.0822888,37.5114721,B,1171010100,서울특별시,송파구,잠실동,H,1171065000,서울특별시,송파구,잠실본동
260,메디컬수약국,서울특별시 중랑구 면목로 430 1층 (면목동),127.0872886,37.5902738,B,1126010100,서울특별시,중랑구,면목동,H,1126056500,서울특별시,중랑구,면목본동
261,광희약국,서울특별시 중구 퇴계로 322 정미식품 (광희동2가),127.0074951,37.5640094,B,1114014600,서울특별시,중구,광희동2가,H,1114059000,서울특별시,중구,광희동
262,중앙약국,"서울특별시 노원구 상계로27길 32 105호, 106호 (상계동, 대명빌딩)",127.0698386,37.6599017,B,1135010500,서울특별시,노원구,상계동,H,1135067000,서울특별시,노원구,상계5동
263,홍주약국,"서울특별시 용산구 이촌로 206 3층 (이촌동, 국민은행PB센터)",126.969866,37.5209,B,1117012900,서울특별시,용산구,이촌동,H,1117063000,서울특별시,용산구,이촌1동
264,100세약국,서울특별시 영등포구 양평로 24 (당산동6가),126.903739,37.5332486,B,1156011600,서울특별시,영등포구,당산동6가,H,1156056000,서울특별시,영등포구,당산2동
265,명문온누리약국,서울특별시 동대문구 사가정로 225 1층 (장안동),127.0701566,37.5789421,B,1123010600,서울특별시,동대문구,장안동,H,1123066000,서울특별시,동대문구,장안2동
266,은혜약국,"서울특별시 강남구 밤고개로1길 10 2층 220-2호 (수서동, 수서현대벤쳐빌)",127.1018445,37.4880245,B,1168011500,서울특별시,강남구,수서동,H,1168075000,서울특별시,강남구,수서동
267,태양약국,서울특별시 구로구 경인로 191 (오류동),126.8423266,37.4956425,B,1153010800,서울특별시,구로구,오류동,H,1153077000,서울특별시,구로구,오류1동
268,윤선약국,서울특별시 관악구 신림로 129-1 (신림동),126.9348069,37.4709276,B,1162010200,서울특별시,관악구,신림동,H,1162073500,서울특별시,관악구,대학동
269,신다정약국,서울특별시 관악구 관악로 154 (봉천동),126.952644,37.478908,B,1162010100,서울특별시,관악구,봉천동,H,1162058500,서울특별시,관악구,낙성대동
270,이화약국,서울특별시 마포구 월드컵로 126 1층 (성산동),126.9072499,37.5595401,B,1144012500,서울특별시,마포구,성산동,H,1144072000,서울특별시,마포구,성산1동
271,푸른온누리약국,서울특별시 강서구 방화대로34길 92 불해빌딩 1층 (방화동),126.8214511,37.5708584,B,1150010900,서울특별시,강서구,방화동,H,1150063000,서울특별시,강서구,방화1동
272,정약국,서울특별시 광진구 자양로26길 8 (구의동),127.0844613,37.5418246,B,1121510300,서울특별시,광진구,구의동,H,1121585000,서울특별시,광진구,구의1동
273,새봄약국,서울특별시 강남구 압구정로 152 108호 (신사동),127.0260696,37.5255661,B,1168010700,서울특별시,강남구,신사동,H,1168051000,서울특별시,강남구,신사동
274,라임약국,서울특별시 동작구 여의대방로 142 (대방동),126.920671,37.49968,B,1159010800,서울특별시,동작구,대방동,H,1159066000,서울특별시,동작구,대방동
275,가까운약국,서울특별시 서대문구 모래내로 364 (홍은동),126.9365279,37.5818916,B,1141011800,서울특별시,서대문구,홍은동,H,1141068500,서울특별시,서대문구,홍은2동
276,답십리코코약국,"서울특별시 동대문구 답십리로 130 근린생활시설-3동 제지1층 3-2호 (답십리동, 래미안위브)",127.0538624,37.571288,B,1123010500,서울특별시,동대문구,답십리동,H,1123060000,서울특별시,동대문구,답십리1동
277,청담와이약국,서울특별시 강남구 압구정로 461 B104호 (청담동),127.0472279,37.525274,B,1168010400,서울특별시,강남구,청담동,H,1168056500,서울특별시,강남구,청담동
278,신촌세민약국,서울특별시 마포구 신촌로 78 1층 (노고산동),126.9345181,37.5557343,B,1144011000,서울특별시,마포구,노고산동,H,1144066000,서울특별시,마포구,서교동
279,애오개약국,"서울특별시 마포구 마포대로 204 103호 (아현동, 마포에스케이허브)",126.9565447,37.5520276,B,1144010100,서울특별시,마포구,아현동,H,1144056500,서울특별시,마포구,공덕동
280,드림약국,서울특별시 강남구 논현로 717 지하1층 일부호 (논현동),127.0295561,37.5159635,B,1168010800,서울특별시,강남구,논현동,H,1168052100,서울특별시,강남구,논현1동
281,삼성건강약국,"서울특별시 강남구 선릉로 670 1층 일부호 (삼성동, 해운빌딩)",127.0417196,37.516703,B,1168010500,서울특별시,강남구,삼성동,H,1168059000,서울특별시,강남구,삼성2동
282,정약국,서울특별시 서대문구 신촌로 109 신촌르메이에르타운5 1층 111-2호 (창천동),126.9377833,37.5558484,B,1141011600,서울특별시,서대문구,창천동,H,1141058500,서울특별시,서대문구,신촌동
283,장안수약국,서울특별시 동대문구 천호대로83길 43-1 1층 (장안동),127.0651724,37.5641695,B,1123010600,서울특별시,동대문구,장안동,H,1123065000,서울특별시,동대문구,장안1동
284,경일약국,서울특별시 금천구 시흥대로72길 32 (시흥동),126.9002907,37.4581265,B,1154510300,서울특별시,금천구,시흥동,H,1154567000,서울특별시,금천구,시흥1동
285,금강온누리약국,서울특별시 영등포구 영중로 10-1 (영등포동3가),126.9064192,37.5173501,B,1156010400,서울특별시,영등포구,영등포동3가,H,1156053500,서울특별시,영등포구,영등포동
286,태령약국,서울특별시 영등포구 신길로 157 (신길동),126.9108697,37.5063897,B,1156013200,서울특별시,영등포구,신길동,H,1156065000,서울특별시,영등포구,신길3동
287,이도온누리약국,서울특별시 영등포구 당산로31길 14 1층 (당산동3가),126.8952579,37.5268113,B,1156011300,서울특별시,영등포구,당산동3가,H,1156055000,서울특별시,영등포구,당산1동
288,피보약국,서울특별시 영등포구 영등포로 180-1 (영등포동4가),126.9015244,37.5202146,B,1156010500,서울특별시,영등포구,영등포동4가,H,1156053500,서울특별시,영등포구,영등포동
289,감초당약국,서울특별시 동대문구 약령중앙로 11 1층 (제기동),127.0367887,37.579326,B,1123010300,서울특별시,동대문구,제기동,H,1123054500,서울특별시,동대문구,제기동
290,대흥약국,서울특별시 영등포구 신길로39길 13 (신길동),126.9094883,37.5067868,B,1156013200,서울특별시,영등포구,신길동,H,1156065000,서울특별시,영등포구,신길3동
291,유경약국,서울특별시 도봉구 마들로 684 1층 (도봉동),127.0467244,37.6710989,B,1132010800,서울특별시,도봉구,도봉동,H,1132052200,서울특별시,도봉구,도봉2동
292,희망약국,서울특별시 강남구 일원로 95 신영프라자 111호 (일원동),127.0834524,37.4858215,B,1168011400,서울특별시,강남구,일원동,H,1168072000,서울특별시,강남구,일원본동
293,중앙약국,"서울특별시 은평구 통일로 875 (갈현동, 흥진빌딩)",126.9196585,37.6211525,B,1138010400,서울특별시,은평구,갈현동,H,1138055100,서울특별시,은평구,갈현1동
294,늘푸른약국,"서울특별시 성북구 돌곶이로 25 (석관동, 씨티홈)",127.0610515,37.6066611,B,1129013900,서울특별시,성북구,석관동,H,1129081000,서울특별시,성북구,석관동
295,정명약국,"서울특별시 영등포구 의사당대로 108 1층 119호 (여의도동, 아일렉스)",126.9238388,37.521005099999996,B,1156011000,서울특별시,영등포구,여의도동,H,1156054000,서울특별시,영등포구,여의동
296,드림온누리약국,"서울특별시 도봉구 마들로 551 상가동 1층 120호 (창동, 쌍용아파트)",127.0485169,37.6596069,B,1132010700,서울특별시,도봉구,창동,H,1132051400,서울특별시,도봉구,창4동
297,은혜약국,서울특별시 영등포구 국제금융로6길 33 1층 104호 (여의도동),126.9269566,37.5207575,B,1156011000,서울특별시,영등포구,여의도동,H,1156054000,서울특별시,영등포구,여의동
298,위례푸른약국,서울특별시 송파구 위례광장로 193 1층 (장지동),127.1422043,37.4817473,B,1171010900,서울특별시,송파구,장지동,H,1171064700,서울특별시,송파구,위례동
299,더사랑약국,서울특별시 성북구 아리랑로 16 1층 104호 (동선동4가),127.0165047,37.5942338,B,1129011900,서울특별시,성북구,동선동4가,H,1129057500,서울특별시,성북구,동선동
300,다산온누리약국,서울특별시 중구 다산로 133-1 (신당동),127.0109786,37.5558768,B,1114016200,서울특별시,중구,신당동,H,1114062500,서울특별시,중구,다산동
301,당산수약국,서울특별시 영등포구 양평로 53 (당산동5가),126.9004219,37.5343222,B,1156011500,서울특별시,영등포구,당산동5가,H,1156056000,서울특별시,영등포구,당산2동
302,백현약국,서울특별시 중구 난계로23길 1 (황학동),127.0232218,37.5703096,B,1114016500,서울특별시,중구,황학동,H,1114067000,서울특별시,중구,황학동
303,글로리아약국,"서울특별시 종로구 평창문화로 75 A109호 (평창동, 글로리아타운)",126.9690288,37.6068376,B,1111018300,서울특별시,종로구,평창동,H,1111056000,서울특별시,종로구,평창동
304,메디칼푸른약국,"서울특별시 영등포구 양평로 16 1층 105호 (당산동6가, 당산동 대정프라자)",126.9045068,37.5328795,B,1156011600,서울특별시,영등포구,당산동6가,H,1156056000,서울특별시,영등포구,당산2동
305,나래약국,"서울특별시 금천구 독산로 137 (시흥동, 시흥음악학원)",126.9047632,37.4596306,B,1154510300,서울특별시,금천구,시흥동,H,1154567000,서울특별시,금천구,시흥1동
306,인제약국,서울특별시 종로구 종로 194 (종로4가),126.9991693,37.5706339,B,1111016100,서울특별시,종로구,종로4가,H,1111061500,서울특별시,종로구,종로1.2.3.4가동
307,서울진약국,서울특별시 강북구 삼양로 319 1층 (수유동),127.0175079,37.6318474,B,1130510300,서울특별시,강북구,수유동,H,1130561500,서울특별시,강북구,수유1동
308,햇님약국,서울특별시 광진구 천호대로111길 19 (중곡동),127.0822923,37.5573511,B,1121510100,서울특별시,광진구,중곡동,H,1121575000,서울특별시,광진구,중곡2동
309,미아역온누리약국,서울특별시 강북구 도봉로 217 1층 (미아동),127.0251108,37.6280577,B,1130510100,서울특별시,강북구,미아동,H,1130553500,서울특별시,강북구,미아동
310,맑은약국,"서울특별시 은평구 진관2로 57-7 253동 104호 (진관동, 은평뉴타운우물골)",126.924494,37.6354766,B,1138011400,서울특별시,은평구,진관동,H,1138069000,서울특별시,은평구,진관동
311,현대파크빌약국,"서울특별시 구로구 공원로 41 (구로동, 현대파크빌)",126.8898944,37.5003843,B,1153010200,서울특별시,구로구,구로동,H,1153056000,서울특별시,구로구,구로5동
312,양재미소약국,서울특별시 강남구 강남대로 238 1층 101호 (도곡동),127.0347727,37.4849717,B,1168011800,서울특별시,강남구,도곡동,H,1168065500,서울특별시,강남구,도곡1동
313,안일약국,서울특별시 동작구 성대로 76 (상도동),126.9347311,37.4976884,B,1159010200,서울특별시,동작구,상도동,H,1159056000,서울특별시,동작구,상도4동
314,우리약국,"서울특별시 구로구 오류로8길 57 (오류동, 대성빌딩)",126.8434067,37.4924145,B,1153010800,서울특별시,구로구,오류동,H,1153078000,서울특별시,구로구,오류2동
315,샬롬약국,서울특별시 동작구 성대로2길 12 (상도동),126.931252,37.4994503,B,1159010200,서울특별시,동작구,상도동,H,1159055000,서울특별시,동작구,상도3동
316,중앙프라자약국,서울특별시 동작구 상도로 178 (상도동),126.9387617,37.5042942,B,1159010200,서울특별시,동작구,상도동,H,1159054000,서울특별시,동작구,상도2동
317,문정약국,서울특별시 관악구 양녕로 63 (봉천동),126.946426,37.4875982,B,1162010100,서울특별시,관악구,봉천동,H,1162060500,서울특별시,관악구,은천동
318,상산약국,서울특별시 중구 퇴계로 435 1층 (황학동),127.0199991,37.5658409,B,1114016500,서울특별시,중구,황학동,H,1114067000,서울특별시,중구,황학동
319,희망찬약국,"서울특별시 강서구 강서로 43-17 B104호호 (화곡동, 오거닉스타워)",126.8466933,37.5311061,B,1150010300,서울특별시,강서구,화곡동,H,1150054000,서울특별시,강서구,화곡1동
320,뿌리약국,서울특별시 관악구 난우길 14 (신림동),126.9188641,37.474284,B,1162010200,서울특별시,관악구,신림동,H,1162076500,서울특별시,관악구,미성동
321,이화약국,서울특별시 금천구 독산로85길 7 (독산동),126.9026742,37.472335,B,1154510200,서울특별시,금천구,독산동,H,1154563000,서울특별시,금천구,독산3동
322,레이첼약국,서울특별시 강남구 강남대로 470 808타워 5층 502호 (역삼동),127.0250552,37.5043479,B,1168010100,서울특별시,강남구,역삼동,H,1168064000,서울특별시,강남구,역삼1동
323,동주약국,서울특별시 강동구 명일로 243 (길동),127.146775,37.5404243,B,1174010500,서울특별시,강동구,길동,H,1174068500,서울특별시,강동구,길동
324,참온누리약국,"서울특별시 구로구 오리로 1149 B108호 (오류동, 랑데르)",126.8382668,37.4866109,B,1153011100,서울특별시,구로구,천왕동,H,1153078000,서울특별시,구로구,오류2동
325,큰길약국,서울특별시 강남구 강남대로 370 지하1층 (역삼동),127.0292292,37.4958654,B,1168010100,서울특별시,강남구,역삼동,H,1168064000,서울특별시,강남구,역삼1동
326,옵티마뚝도시장약국,서울특별시 성동구 성덕정길 96-1 (성수동2가),127.0541245,37.5374954,B,1120011500,서울특별시,성동구,성수동2가,H,1120067000,서울특별시,성동구,성수2가1동
327,연세약국,서울특별시 양천구 화곡로4길 21 (신월동),126.8282779,37.537642,B,1147010300,서울특별시,양천구,신월동,H,1147060000,서울특별시,양천구,신월5동
328,고운약국,"서울특별시 송파구 송이로32길 37 201동 1층 04호 (문정동, 문정푸르지오아파트)",127.1276788,37.4869712,B,1171010800,서울특별시,송파구,문정동,H,1171064100,서울특별시,송파구,문정1동
329,종로약국,서울특별시 강남구 도곡로 419 1층 (대치동),127.0563325,37.4976776,B,1168010600,서울특별시,강남구,대치동,H,1168063000,서울특별시,강남구,대치4동
330,동서옵티마약국,서울특별시 성북구 동소문로 304 이재범치과의원 1층 (하월곡동),127.0285473,37.6067947,B,1129013600,서울특별시,성북구,하월곡동,H,1129068500,서울특별시,성북구,길음2동
331,신양온누리약국,서울특별시 금천구 시흥대로58길 38 (시흥동),126.9033667,37.4536679,B,1154510300,서울특별시,금천구,시흥동,H,1154567000,서울특별시,금천구,시흥1동
332,드림팜약국,서울특별시 강동구 아리수로93길 27 405-1호 (강일동),127.1738035,37.5656489,B,1174011000,서울특별시,강동구,강일동,H,1174051500,서울특별시,강동구,강일동
333,봄약국,서울특별시 노원구 동일로 1392 1층 (상계동),127.0613426,37.6530591,B,1135010500,서울특별시,노원구,상계동,H,1135069500,서울특별시,노원구,상계6.7동
334,동안메디약국,서울특별시 동대문구 천호대로17길 75 1층 (용두동),127.03215,37.5774297,B,1123010200,서울특별시,동대문구,용두동,H,1123053600,서울특별시,동대문구,용신동
335,조일약국,서울특별시 은평구 연서로34길 7 (불광동),126.9272339,37.6214385,B,1138010300,서울특별시,은평구,불광동,H,1138053000,서울특별시,은평구,불광2동
336,웃는내일약국,서울특별시 영등포구  선유로 64 (문래동3가),126.8897282,37.5196812,B,1156012100,서울특별시,영등포구,문래동3가,H,1156060500,서울특별시,영등포구,문래동
337,SK온누리약국,서울특별시 강북구 솔샘로 184 에스케이북한산시티 112~113호(미아동) (미아동),127.012925,37.6199404,B,1130510100,서울특별시,강북구,미아동,H,1130557500,서울특별시,강북구,삼각산동
338,대광약국,"서울특별시 강남구 개포로109길 9 101호 (개포동, 대치임대A상가 )",127.075508,37.4946695,B,1168010300,서울특별시,강남구,개포동,H,1168074000,서울특별시,강남구,일원2동
339,하얀약국,서울특별시 관악구 난곡로 327-1 1층 (신림동),126.9139652,37.4833043,B,1162010200,서울특별시,관악구,신림동,H,1162072500,서울특별시,관악구,조원동
340,메디팜샛별약국,서울특별시 노원구 동일로 1547 동남빌딩 1층 102호 (상계동),127.0569555,37.6665688,B,1135010500,서울특별시,노원구,상계동,H,1135070000,서울특별시,노원구,상계8동
341,트리스약국,서울특별시 강남구 언주로147길 6 1층 (논현동),127.0337064,37.5200967,B,1168010800,서울특별시,강남구,논현동,H,1168053100,서울특별시,강남구,논현2동
342,경희행복한약국,서울특별시 영등포구 영등포로 131 (당산동1가),126.8961206,37.5215207,B,1156011100,서울특별시,영등포구,당산동1가,H,1156055000,서울특별시,영등포구,당산1동
343,락희온누리약국,서울특별시 송파구 송파대로 381 1층 (석촌동),127.1101902,37.5014233,B,1171010500,서울특별시,송파구,석촌동,H,1171060000,서울특별시,송파구,석촌동
344,가까운단골약국,서울특별시 강동구 동남로 891 현대델리안오피스텔 102호 (명일동),127.1558883,37.5533457,B,1174010100,서울특별시,강동구,명일동,H,1174054000,서울특별시,강동구,명일2동
345,보현약국,"서울특별시 영등포구 신풍로 77 A동 지하2층 116호 (신길동, 래미안에스티움)",126.9137134,37.5010387,B,1156013200,서울특별시,영등포구,신길동,H,1156069000,서울특별시,영등포구,신길7동
346,하늘사랑약국,서울특별시 양천구 목동동로 293 (목동),126.8757769,37.5281774,B,1147010200,서울특별시,양천구,목동,H,1147051000,서울특별시,양천구,목1동
347,문성당약국,서울특별시 금천구 독산로64길 39 (독산동),126.9045493,37.4658749,B,1154510200,서울특별시,금천구,독산동,H,1154562000,서울특별시,금천구,독산2동
348,1번약국,서울특별시 구로구 구로동로 132 (구로동),126.8843311,37.4904265,B,1153010200,서울특별시,구로구,구로동,H,1153055000,서울특별시,구로구,구로4동
349,아너힐즈약국,"서울특별시 강남구 삼성로 11 상가 지상1층 113호 (개포동, 디에이치 아너힐즈)",127.0672555,37.4846559,B,1168010300,서울특별시,강남구,개포동,H,1168067000,서울특별시,강남구,개포2동
350,우리온누리약국,서울특별시 서대문구 통일로 87 NH농협생명빌딩 지하1층 (미근동),126.9685508,37.562783,B,1141010400,서울특별시,서대문구,미근동,H,1141056500,서울특별시,서대문구,충현동
351,새봄약국,서울특별시 용산구 백범로 287 1층 (효창동),126.9612259,37.5396003,B,1117011900,서울특별시,용산구,효창동,H,1117058000,서울특별시,용산구,효창동
352,바름약국,서울특별시 동작구 흑석로 101 1층 (흑석동),126.9605974,37.5077563,B,1159010500,서울특별시,동작구,흑석동,H,1159060500,서울특별시,동작구,흑석동
353,나무약국,서울특별시 영등포구 도림로 158 대림빌딩 (대림동),126.8993893,37.4941733,B,1156013300,서울특별시,영등포구,대림동,H,1156071000,서울특별시,영등포구,대림2동
354,새우리온누리약국,서울특별시 서대문구 통일로 449 1층 (홍제동),126.9440357,37.5886106,B,1141011100,서울특별시,서대문구,홍제동,H,1141062000,서울특별시,서대문구,홍제1동
355,비타약국,서울특별시 강남구 논현로 561 1층 (역삼동),127.0340773,37.5061371,B,1168010100,서울특별시,강남구,역삼동,H,1168064000,서울특별시,강남구,역삼1동
356,강남리더스약국,서울특별시 강남구 헌릉로 569 1층 105호 (세곡동),127.1012408,37.4657595,B,1168011100,서울특별시,강남구,세곡동,H,1168070000,서울특별시,강남구,세곡동
357,수정약국,서울특별시 마포구 마포대로 63-8 삼창프라자빌딩 1층 104호 (도화동),126.9477979,37.5422493,B,1144010400,서울특별시,마포구,도화동,H,1144059000,서울특별시,마포구,용강동
358,포레나약국,"서울특별시 영등포구 국회대로50길 20 215호 (영등포동7가, 포레나 영등포 센트럴)",127.0447133,37.5809799,B,1123010700,서울특별시,동대문구,청량리동,H,1123070500,서울특별시,동대문구,청량리동
359,새우리약국,서울특별시 금천구 디지털로 200 우리은행 가산IT타워 3층 (가산동),126.8889358,37.478246,B,1154510100,서울특별시,금천구,가산동,H,1154551000,서울특별시,금천구,가산동
360,외대조은약국,서울특별시 동대문구 휘경로 10 1층 (이문동),127.0610722,37.5959482,B,1123011000,서울특별시,동대문구,이문동,H,1123074000,서울특별시,동대문구,이문1동
361,해인약국,서울특별시 광진구 아차산로33길 63 1층 (화양동),127.0709894,37.5430177,B,1121510700,서울특별시,광진구,화양동,H,1121571000,서울특별시,광진구,화양동
362,대청약국,서울특별시 강남구 개포로 623 대청타워 106호 (개포동),127.0796608,37.4943549,B,1168010300,서울특별시,강남구,개포동,H,1168074000,서울특별시,강남구,일원2동
363,행복이가득한약국,서울특별시 관악구 남부순환로 1443 (신림동),126.9111252,37.4814335,B,1162010200,서울특별시,관악구,신림동,H,1162072500,서울특별시,관악구,조원동
364,마음약국,서울특별시 관악구 남현길 7 한일프라자 1층 (남현동),126.9776837,37.4760703,B,1162010300,서울특별시,관악구,남현동,H,1162063000,서울특별시,관악구,남현동
365,동남약국,서울특별시 중랑구 신내로 45 해성빌딩 1층 (신내동),127.0955677,37.6031473,B,1126010600,서울특별시,중랑구,신내동,H,1126069000,서울특별시,중랑구,신내2동
366,희망약국,서울특별시 용산구 원효로 171 신영빌딩 1층 (원효로2가),126.9617592,37.535618,B,1117011300,서울특별시,용산구,원효로2가,H,1117056000,서울특별시,용산구,원효로1동
367,동산약국,서울특별시 은평구 통일로87길 5 (갈현동),126.9192078,37.6232676,B,1138010400,서울특별시,은평구,갈현동,H,1138055100,서울특별시,은평구,갈현1동
368,파랑약국,서울특별시 강서구 화곡로 339 오선빌딩 1층 (화곡동),126.851056,37.5541201,B,1150010300,서울특별시,강서구,화곡동,H,1150059100,서울특별시,강서구,화곡6동
369,강동엠약국,서울특별시 강동구 천호대로 1195 지앤지타워 1층 101호 (길동),127.1439027,37.5350031,B,1174010500,서울특별시,강동구,길동,H,1174068500,서울특별시,강동구,길동
370,예담한약국,"서울특별시 광진구 자양로5길 36 1층 3,4호 (자양동)",127.0837792,37.5311724,B,1121510500,서울특별시,광진구,자양동,H,1121583000,서울특별시,광진구,자양2동
371,삼성해든약국,서울특별시 강남구 삼성로 520 1층 (삼성동),127.0559332,37.5086989,B,1168010500,서울특별시,강남구,삼성동,H,1168058000,서울특별시,강남구,삼성1동
372,대명약국,서울특별시 종로구 종로 256-1 대명빌딩 1층 (종로5가),127.0062836,37.5708528,B,1111016300,서울특별시,종로구,종로5가,H,1111063000,서울특별시,종로구,종로5.6가동
373,구흥한약국,서울특별시 동대문구 고산자로 449 (제기동),127.0381806,37.5797753,B,1123010300,서울특별시,동대문구,제기동,H,1123054500,서울특별시,동대문구,제기동
374,유한약국,서울특별시 종로구 종로 230-2 1층 (종로5가),127.0034135,37.5707848,B,1111016300,서울특별시,종로구,종로5가,H,1111063000,서울특별시,종로구,종로5.6가동
375,구로참조은약국,서울특별시 구로구 구로동로 78 시몬빌딩 1층 (구로동),126.8858836,37.4858069,B,1153010200,서울특별시,구로구,구로동,H,1153055000,서울특별시,구로구,구로4동
376,숲약국,"서울특별시 서초구 잠원로 148 107호 (잠원동, 잠원연합상가)",127.0100739,37.5162656,B,1165010600,서울특별시,서초구,잠원동,H,1165054000,서울특별시,서초구,잠원동
377,건강온누리약국,서울특별시 강서구 곰달래로 271 (화곡동),126.863165,37.5325118,B,1150010300,서울특별시,강서구,화곡동,H,1150057000,서울특별시,강서구,화곡4동
378,라임약국,서울특별시 금천구 디지털로9길 56 코오롱테크노밸리 109호 (가산동),126.8868682,37.4804028,B,1154510100,서울특별시,금천구,가산동,H,1154551000,서울특별시,금천구,가산동
379,나무약국,"서울특별시 송파구 중대로 24 상가 1동 1층 111-1호 (문정동, 올림픽훼밀리타운)",127.1187912,37.4902451,B,1171010800,서울특별시,송파구,문정동,H,1171064200,서울특별시,송파구,문정2동
380,행복한약국,"서울특별시 송파구 송파대로 345 상가 1A동 1045호 (가락동, 헬리오시티)",127.1072604,37.4976183,B,1171010700,서울특별시,송파구,가락동,H,1171063100,서울특별시,송파구,가락1동
381,홍제 오늘약국,서울특별시 서대문구 통일로 460 2층 (홍제동),126.9434935,37.5896138,B,1141011100,서울특별시,서대문구,홍제동,H,1141064000,서울특별시,서대문구,홍제3동
382,래미안약국,"서울특별시 성북구 숭인로 50 상가동 2302호 (길음동, 래미안길음센터피스)",127.0271556,37.6116278,B,1129013400,서울특별시,성북구,길음동,H,1129068500,서울특별시,성북구,길음2동
383,굿데이약국,서울특별시 송파구 송파대로 570 2층 (신천동),127.0991124,37.5157873,B,1171010200,서울특별시,송파구,신천동,H,1171071000,서울특별시,송파구,잠실6동
384,우리집약국,서울특별시 영등포구 시흥대로 659-1 1층 (대림동),126.9075595,37.4910533,B,1156013300,서울특별시,영등포구,대림동,H,1156070000,서울특별시,영등포구,대림1동
385,대학약국,서울특별시 강서구 화곡로 152 CUBE152 (화곡동),126.8386603,37.5408801,B,1150010300,서울특별시,강서구,화곡동,H,1150054000,서울특별시,강서구,화곡1동
386,펜타약국,"서울특별시 강남구 테헤란로64길 9 지하1층 101호 (대치동, 선릉역대우아이빌)",127.051631,37.5044976,B,1168010600,서울특별시,강남구,대치동,H,1168063000,서울특별시,강남구,대치4동
387,송파드림온누리약국,서울특별시 송파구 가락로 61 1층 102호 (석촌동),127.1031573,37.4999085,B,1171010500,서울특별시,송파구,석촌동,H,1171060000,서울특별시,송파구,석촌동
388,오늘약국,서울특별시 영등포구 시흥대로 635 대림메디컬빌딩 1층 (대림동),126.9059256,37.4889192,B,1156013300,서울특별시,영등포구,대림동,H,1156071000,서울특별시,영등포구,대림2동
389,2층즐거운약국,서울특별시 강서구 양천로 559 가양이마트 2층 (가양동),126.8617957,37.5582134,B,1150010400,서울특별시,강서구,가양동,H,1150060500,서울특별시,강서구,가양3동
390,강남참약국,서울특별시 강동구 구천면로 662 1층 (상일동),127.1714419,37.550752,B,1174010300,서울특별시,강동구,상일동,H,1174052500,서울특별시,강동구,상일1동
391,다나약국,서울특별시 중랑구 사가정로49길 50 (면목동),127.0869466,37.5831715,B,1126010100,서울특별시,중랑구,면목동,H,1126057500,서울특별시,중랑구,면목제3.8동
392,선한약국,"서울특별시 성북구 길음로 20 길음뉴타운,래미안길음3차아파트 상가 514호, 515호 (길음동)",127.023066,37.6047272,B,1129013400,서울특별시,성북구,길음동,H,1129066000,서울특별시,성북구,길음1동
393,홍삼약국,서울특별시 양천구 중앙로 253 (신정동),126.8531184,37.5189448,B,1147010100,서울특별시,양천구,신정동,H,1147064000,서울특별시,양천구,신정3동
394,푸른솔약국,서울특별시 은평구 통일로87길 12 (갈현동),126.9184485,37.6235125,B,1138010400,서울특별시,은평구,갈현동,H,1138055100,서울특별시,은평구,갈현1동
395,여의도약국,"서울특별시 영등포구 여의나루로 40 (여의도동, 여의도역 지하1층 1,2번 출입구 쪽 개찰구 옆)",126.9244847,37.5218423,B,1156011000,서울특별시,영등포구,여의도동,H,1156054000,서울특별시,영등포구,여의동
396,조은약국,"서울특별시 강서구 마곡중앙로 36 상가 107-1호 (마곡동, 마곡엠벨리 15단지)",126.8274405,37.5571395,B,1150010500,서울특별시,강서구,마곡동,H,1150061100,서울특별시,강서구,발산1동
397,한울약국,"서울특별시 중랑구 망우로 353 지하1층 (상봉동, 상봉 프레미어스 엠코)",127.0903644,37.5982973,B,1126010200,서울특별시,중랑구,상봉동,H,1126058000,서울특별시,중랑구,상봉1동
398,신분당약국,"서울특별시 강남구 강남대로 396 23호 (역삼동, 신분당선 강남역내)",127.0283079,37.4981647,B,1168010100,서울특별시,강남구,역삼동,H,1168064000,서울특별시,강남구,역삼1동
399,바른약국,서울특별시 구로구 구로중앙로 212 영삼빌딩 1층 101호 (구로동),126.8778471,37.5049604,B,1153010200,서울특별시,구로구,구로동,H,1153053000,서울특별시,구로구,구로2동
400,대학솔약국,서울특별시 동대문구 안암로 158 1층 (제기동),127.0352901,37.5886157,B,1123010300,서울특별시,동대문구,제기동,H,1123054500,서울특별시,동대문구,제기동
401,합정파란문약국,"서울특별시 마포구 월드컵로1길 14 206호 (합정동, 마포 한강 푸르지오)",126.9121599,37.5499472,B,1144012200,서울특별시,마포구,합정동,H,1144068000,서울특별시,마포구,합정동
402,내자약국,"서울특별시 종로구 사직로 107 1층 (내자동, 한빛빌딩)",126.9707733,37.5763351,B,1111011400,서울특별시,종로구,내자동,H,1111053000,서울특별시,종로구,사직동
403,그랜드약국,서울특별시 관악구 인헌길 18 1층 (봉천동),126.9667477,37.4747868,B,1162010100,서울특별시,관악구,봉천동,H,1162062500,서울특별시,관악구,인헌동
404,목동센트럴약국,서울특별시 양천구 신월로 170 1층 (신월동),126.8424864,37.5181646,B,1147010300,서울특별시,양천구,신월동,H,1147061000,서울특별시,양천구,신월6동
405,참소망약국,서울특별시 송파구 양재대로 1222 올림픽프라자 3층 15호 (방이동),127.1310643,37.515729,B,1171011100,서울특별시,송파구,방이동,H,1171056600,서울특별시,송파구,오륜동
406,메디컬바른약국,"서울특별시 강동구 양재대로121길 7 거송빌딩 103,104호 (천호동)",127.1410942,37.5422991,B,1174010900,서울특별시,강동구,천호동,H,1174062000,서울특별시,강동구,천호3동
407,포도약국,서울특별시 마포구 마포대로 44 진도빌딩 1층 (도화동),126.9470994,37.5399727,B,1144010400,서울특별시,마포구,도화동,H,1144058500,서울특별시,마포구,도화동
408,경희으뜸한약국,서울특별시 관악구 낙성대역길 91 1층 (봉천동),126.9638567,37.4744628,B,1162010100,서울특별시,관악구,봉천동,H,1162062500,서울특별시,관악구,인헌동
409,센트럴약국,서울특별시 강동구 고덕로80길 123 고덕센트럴아이파크아파트(상가A동) 2층 206호 (상일동),127.165596,37.5509309,B,1174010300,서울특별시,강동구,상일동,H,1174052500,서울특별시,강동구,상일1동
410,고은약국,서울특별시 관악구 신림로 339 1층 (신림동),126.9292348,37.4845635,B,1162010200,서울특별시,관악구,신림동,H,1162069500,서울특별시,관악구,신림동
411,참사랑약국,"서울특별시 동작구 신대방1가길 38 105동 3층 309호 (신대방동, 동작상떼빌아파트)",126.9067147,37.4876928,B,1159010900,서울특별시,동작구,신대방동,H,1159067000,서울특별시,동작구,신대방1동
412,후생약국,서울특별시 영등포구 국제금융로 78 (여의도동),126.9313093,37.5208744,B,1156011000,서울특별시,영등포구,여의도동,H,1156054000,서울특별시,영등포구,여의동
413,화곡명문약국,서울특별시 강서구 화곡로 176-4 (화곡동),126.8411471,37.5416385,B,1150010300,서울특별시,강서구,화곡동,H,1150059000,서울특별시,강서구,화곡본동
414,미성온누리약국,"서울특별시 영등포구 도신로29길 28 (영등포동, 영등포푸르지오2단지아파트)",126.9035001,37.5117857,B,1156010100,서울특별시,영등포구,영등포동,H,1156051500,서울특별시,영등포구,영등포본동
415,효성당약국,서울특별시 동대문구 왕산로32길 26 (용두동),127.0418181,37.577775,B,1123010200,서울특별시,동대문구,용두동,H,1123053600,서울특별시,동대문구,용신동
416,파낙스약국,서울특별시 강남구 논현로 629 (논현동),127.0324367,37.5097418,B,1168010800,서울특별시,강남구,논현동,H,1168052100,서울특별시,강남구,논현1동
417,호정약국,서울특별시 마포구 효창원로 248-3 1층 (공덕동),126.9633884,37.548983,B,1144010200,서울특별시,마포구,공덕동,H,1144056500,서울특별시,마포구,공덕동
418,인수약국,서울특별시 강북구 삼각산로 71 (수유동),127.0123024,37.6401385,B,1130510300,서울특별시,강북구,수유동,H,1130566000,서울특별시,강북구,인수동
419,태양약국,서울특별시 도봉구 도봉로 479 (쌍문동),127.034375,37.6486469,B,1132010500,서울특별시,도봉구,쌍문동,H,1132068000,서울특별시,도봉구,쌍문3동
420,사랑받는 약국,서울특별시 성북구 정릉로36길 28 1층 (정릉동),127.01709,37.6024112,B,1129013300,서울특별시,성북구,정릉동,H,1129062000,서울특별시,성북구,정릉1동
421,신우리약국,서울특별시 중구 마른내로 13 (저동2가),126.9893575,37.5648862,B,1114016100,서울특별시,중구,저동2가,H,1114060500,서울특별시,중구,을지로동
422,연세참사랑약국,서울특별시 마포구 서강로 110 1층 (신수동),126.9337712,37.5525983,B,1144011100,서울특별시,마포구,신수동,H,1144063000,서울특별시,마포구,신수동
423,수온누리약국,서울특별시 동작구 동작대로 65 1층 (사당동),126.9815964,37.4823778,B,1159010700,서울특별시,동작구,사당동,H,1159062000,서울특별시,동작구,사당1동
424,청솔동아약국,서울특별시 도봉구 노해로69길 103 (창동),127.048472,37.6577017,B,1132010700,서울특별시,도봉구,창동,H,1132051400,서울특별시,도봉구,창4동
425,한일약국,"서울특별시 서초구 법원로 15 지하1층 (서초동, 정곡빌딩 서관)",127.0100149,37.4941711,B,1165010800,서울특별시,서초구,서초동,H,1165053000,서울특별시,서초구,서초3동
426,세메론약국,"서울특별시 동작구 여의대방로44길 47 (대방동, 주공상가 101호)",126.9300624,37.5108249,B,1159010800,서울특별시,동작구,대방동,H,1159066000,서울특별시,동작구,대방동
427,온누리건강약국,"서울특별시 송파구 양재대로 1222 (방이동, 올림픽프라자상가 2층 10호)",127.1310643,37.515729,B,1171011100,서울특별시,송파구,방이동,H,1171056600,서울특별시,송파구,오륜동
428,인정온누리약국,서울특별시 성북구 삼선교로 14 (삼선동1가),127.0073805,37.5875508,B,1129011100,서울특별시,성북구,삼선동1가,H,1129055500,서울특별시,성북구,삼선동
429,메디팜한솔약국,"서울특별시 성동구 행당로 84 132호 (행당동, 행당한진타운종합상가)",127.0288249,37.5566034,B,1120010700,서울특별시,성동구,행당동,H,1120057000,서울특별시,성동구,행당2동
430,창동종로약국,서울특별시 도봉구 노해로63길 84-3 1층 (창동),127.0470038,37.6527457,B,1132010700,서울특별시,도봉구,창동,H,1132051500,서울특별시,도봉구,창5동
431,한미약국,"서울특별시 서대문구 수색로 30 지하1층, 1층 (남가좌동)",126.9152942,37.5693881,B,1141012000,서울특별시,서대문구,남가좌동,H,1141069000,서울특별시,서대문구,남가좌1동
432,아이조은약국,서울특별시 강남구 삼성로 620 블래스톤리조트 2층 (삼성동),127.0526451,37.5149738,B,1168010500,서울특별시,강남구,삼성동,H,1168058000,서울특별시,강남구,삼성1동
433,사랑약국,서울특별시 구로구 경인로 565 삼영빌딩 5층 (구로동),126.879722,37.5036422,B,1153010200,서울특별시,구로구,구로동,H,1153053000,서울특별시,구로구,구로2동
434,준온누리약국,서울특별시 강서구 양천로 583 우림블루나인비즈니스센터 118호 (염창동),126.8642592,37.5570451,B,1150010100,서울특별시,강서구,염창동,H,1150051000,서울특별시,강서구,염창동
435,코끼리약국,서울특별시 구로구 천왕로 32 천왕에이스프라자 103호 (천왕동),126.839777,37.4805842,B,1153011100,서울특별시,구로구,천왕동,H,1153078000,서울특별시,구로구,오류2동
436,다나약국,서울특별시 강북구 덕릉로 75 석우빌딩 1층 (수유동),127.0220774,37.6348219,B,1130510300,서울특별시,강북구,수유동,H,1130566000,서울특별시,강북구,인수동
437,이지약국,서울특별시 중랑구 면목로 398 1층 (면목동),127.088078,37.5874709,B,1126010100,서울특별시,중랑구,면목동,H,1126056500,서울특별시,중랑구,면목본동
438,성수햇살약국,서울특별시 성동구 아차산로 120 베델 플레이스 3층 302호 (성수동2가),127.0572663,37.5439085,B,1120011500,서울특별시,성동구,성수동2가,H,1120069000,서울특별시,성동구,성수2가3동
439,시민당약국,서울특별시 강동구 양재대로 1479 (길동),127.1398273,37.5380886,B,1174010500,서울특별시,강동구,길동,H,1174068500,서울특별시,강동구,길동
440,호림약국,서울특별시 광진구 동일로30길 28 (화양동),127.0688665,37.5474952,B,1121510700,서울특별시,광진구,화양동,H,1121571000,서울특별시,광진구,화양동
441,성덕약국,서울특별시 강동구 구천면로 372 (천호동),127.1399243,37.5504868,B,1174010900,서울특별시,강동구,천호동,H,1174060000,서울특별시,강동구,천호1동
442,경원약국,서울특별시 동대문구 고산자로36길 3 (제기동),127.0391429,37.5790378,B,1123010300,서울특별시,동대문구,제기동,H,1123054500,서울특별시,동대문구,제기동
443,늘편한약국,서울특별시 서초구 서초대로74길 3 윤빌딩 1층 (서초동),127.0262314,37.4972231,B,1165010800,서울특별시,서초구,서초동,H,1165052000,서울특별시,서초구,서초2동
444,봄약국,서울특별시 종로구 지봉로 37-1 1층 (창신동),127.0153386,37.5732589,B,1111017400,서울특별시,종로구,창신동,H,1111067000,서울특별시,종로구,창신1동
445,희망약국,"서울특별시 도봉구 해등로16길 26 104호 (창동, 타임프라자)",127.0414985,37.6556381,B,1132010700,서울특별시,도봉구,창동,H,1132051500,서울특별시,도봉구,창5동
446,경희수약국,"서울특별시 강동구 동남로 881 103호 (명일동, 서희스타힐스)",127.1558053,37.5522895,B,1174010100,서울특별시,강동구,명일동,H,1174054000,서울특별시,강동구,명일2동
447,새한약국,서울특별시 동대문구 약령중앙로 10-5 (제기동),127.0372725,37.5792456,B,1123010300,서울특별시,동대문구,제기동,H,1123054500,서울특별시,동대문구,제기동
448,진흥온누리약국,"서울특별시 서초구 서초대로 389 1층 105,106호 (서초동, 진흥상가)",127.0237071,37.4970821,B,1165010800,서울특별시,서초구,서초동,H,1165053100,서울특별시,서초구,서초4동
449,행복드림약국,서울특별시 동작구 노량진로 90 (노량진동),126.935732,37.5130592,B,1159010100,서울특별시,동작구,노량진동,H,1159052000,서울특별시,동작구,노량진2동
450,메디칼약국,서울특별시 강서구 공항대로41길 65 1층 110호 (등촌동),126.8461388,37.5607971,B,1150010200,서울특별시,강서구,등촌동,H,1150053500,서울특별시,강서구,등촌3동
451,나현약국,서울특별시 노원구 상계로12길 41 (상계동),127.0696428,37.6564357,B,1135010500,서울특별시,노원구,상계동,H,1135064000,서울특별시,노원구,상계2동
452,우리선약국,"서울특별시 강동구 동남로49길 21-15 1,지1층 (둔촌동)",127.1486654,37.531413,B,1174010600,서울특별시,강동구,둔촌동,H,1174070000,서울특별시,강동구,둔촌2동
453,현지당약국,서울특별시 동대문구 약령중앙로4길 4 4층 1호 (제기동),127.0379709,37.5795031,B,1123010300,서울특별시,동대문구,제기동,H,1123054500,서울특별시,동대문구,제기동
454,명동하이약국,"서울특별시 중구 명동7길 14 1, 2, 3층 (명동1가)",126.9844827,37.5643996,B,1114012600,서울특별시,중구,명동1가,H,1114055000,서울특별시,중구,명동
455,서초로하스약국,서울특별시 서초구 서초중앙로 39 21세기 병원 1층 (서초동),127.0157273,37.4852908,B,1165010800,서울특별시,서초구,서초동,H,1165053000,서울특별시,서초구,서초3동
456,우리들약국,"서울특별시 서초구 서초중앙로 230 105호 (반포동, 동화반포프라자빌딩)",127.0120781,37.5021689,B,1165010700,서울특별시,서초구,반포동,H,1165056000,서울특별시,서초구,반포1동
457,중앙온누리약국,서울특별시 도봉구 덕릉로 241 1층 (창동),127.0385138,37.6393884,B,1132010700,서울특별시,도봉구,창동,H,1132051200,서울특별시,도봉구,창2동
458,늘한마음약국,서울특별시 노원구 노해로 494 1층 109호 (상계동),127.0690653,37.57278313,B,1123010600,서울특별시,동대문구,장안동,H,1123066000,서울특별시,동대문구,장안2동
459,건강플러스약국,"서울특별시 강동구 아리수로93길 27 108호 (강일동, 강일타워)",127.1738307,37.5656316,B,1174011000,서울특별시,강동구,강일동,H,1174051500,서울특별시,강동구,강일동
460,온누리대웅약국,서울특별시 송파구 마천로 345 1층 (마천동),127.1527768,37.4929857,B,1171011400,서울특별시,송파구,마천동,H,1171054000,서울특별시,송파구,마천1동
461,영진약국,"서울특별시 강남구 학동로 421 1층 일부호 (청담동, 원영빌딩)",127.0462942,37.5183992,B,1168010400,서울특별시,강남구,청담동,H,1168056500,서울특별시,강남구,청담동
462,방배프라자약국,서울특별시 서초구 방배중앙로29길 3 1층 (방배동),126.9853016,37.4964722,B,1165010100,서울특별시,서초구,방배동,H,1165059000,서울특별시,서초구,방배본동
463,메디신약국,"서울특별시 구로구 목동남로 32 (고척동, 보광빌딩)",126.8636182,37.5080061,B,1153010600,서울특별시,구로구,고척동,H,1153073000,서울특별시,구로구,고척2동
464,엘림약국,"서울특별시 양천구 목동로3길 57 (신정동, 양천아파트 상가)",126.8631234,37.509736,B,1147010100,서울특별시,양천구,신정동,H,1147068000,서울특별시,양천구,신정7동
465,온누리자혜약국,서울특별시 구로구 개봉로 66 (개봉동),126.856254,37.4915599,B,1153010700,서울특별시,구로구,개봉동,H,1153075000,서울특별시,구로구,개봉2동
466,인애약국,"서울특별시 동대문구 휘경로 60 101동 상가동 104호 (휘경동, 휘경SK VIEW 아파트)",127.1145181,37.5134746,B,1171011100,서울특별시,송파구,방이동,H,1171056200,서울특별시,송파구,방이2동
467,가은약국,서울특별시 관악구 봉천로 486 (봉천동),126.9537506,37.4816375,B,1162010100,서울특별시,관악구,봉천동,H,1162057500,서울특별시,관악구,행운동
468,송파사거리약국,서울특별시 송파구 송파대로 387 1층 (석촌동),127.1095673,37.5019388,B,1171010500,서울특별시,송파구,석촌동,H,1171060000,서울특별시,송파구,석촌동
469,공원온누리약국,서울특별시 영등포구 신길로 252 (영등포동),126.9117698,37.5141257,B,1156010100,서울특별시,영등포구,영등포동,H,1156051500,서울특별시,영등포구,영등포본동
470,동의당한약국,서울특별시 구로구 도림로 31 2층 (구로동),126.8879639,37.4872107,B,1153010200,서울특별시,구로구,구로동,H,1153055000,서울특별시,구로구,구로4동
471,디큐브약국,"서울특별시 구로구 경인로 662 (신도림동, 디큐브시티 타워동 지하1층)",126.8884274,37.5083236,B,1153010100,서울특별시,구로구,신도림동,H,1153051000,서울특별시,구로구,신도림동
472,장원옵티마약국,서울특별시 영등포구 신길로 147 1층 (신길동),126.9105102,37.5054208,B,1156013200,서울특별시,영등포구,신길동,H,1156065000,서울특별시,영등포구,신길3동
473,대성약국,"서울특별시 구로구 개봉로3길 35 (개봉동, 성은빌딩)",126.8543242,37.4861749,B,1153010700,서울특별시,구로구,개봉동,H,1153076000,서울특별시,구로구,개봉3동
474,방이메디칼약국,서울특별시 송파구 가락로 277 (방이동),127.1195397,37.5126353,B,1171011100,서울특별시,송파구,방이동,H,1171056200,서울특별시,송파구,방이2동
475,서울온누리약국,서울특별시 강남구 역삼로77길 23 (대치동),127.0559781,37.5039541,B,1168010600,서울특별시,강남구,대치동,H,1168063000,서울특별시,강남구,대치4동
476,온누리좋은약국,서울특별시 구로구 가마산로 244 동헌빌딩 (구로동),126.8880523,37.4946007,B,1153010200,서울특별시,구로구,구로동,H,1153053000,서울특별시,구로구,구로2동
477,윤약국,서울특별시 서대문구 수색로2길 16-1 (남가좌동),126.9162603,37.5695911,B,1141012000,서울특별시,서대문구,남가좌동,H,1141069000,서울특별시,서대문구,남가좌1동
478,메디팜동진약국,서울특별시 구로구 도림로 75 1층 (구로동),126.8917418,37.4899932,B,1153010200,서울특별시,구로구,구로동,H,1153055000,서울특별시,구로구,구로4동
479,구림약국,서울특별시 구로구 남부순환로105길 52 (가리봉동),126.889921,37.4796565,B,1153010300,서울특별시,구로구,가리봉동,H,1153059500,서울특별시,구로구,가리봉동
480,서남온누리약국,"서울특별시 양천구 신정이펜2로 14 (신정동, 서남 프라자2)",126.8324369,37.5124889,B,1147010100,서울특별시,양천구,신정동,H,1147064000,서울특별시,양천구,신정3동
481,신월시장약국,서울특별시 양천구 곰달래로13길 20-1 (신월동),126.836677,37.5317564,B,1147010300,서울특별시,양천구,신월동,H,1147056000,서울특별시,양천구,신월1동
482,보람약국,서울특별시 양천구 목동중앙본로 97 (목동),126.8705416,37.5444004,B,1147010200,서울특별시,양천구,목동,H,1147052000,서울특별시,양천구,목2동
483,성심약국,서울특별시 양천구 목동중앙북로 128 (목동),126.8773838,37.5462741,B,1147010200,서울특별시,양천구,목동,H,1147052000,서울특별시,양천구,목2동
484,강남소화약국,서울특별시 강남구 봉은사로114길 42 (삼성동),127.0653425,37.5121721,B,1168010500,서울특별시,강남구,삼성동,H,1168058000,서울특별시,강남구,삼성1동
485,일심당약국,서울특별시 강서구 강서로7길 90 (화곡동),126.842686,37.5292477,B,1150010300,서울특별시,강서구,화곡동,H,1150054000,서울특별시,강서구,화곡1동
486,희망약국,"서울특별시 성동구 고산자로 255 (도선동,K타워 1층)",127.0357246,37.5626006,B,1120010400,서울특별시,성동구,도선동,H,1120053500,서울특별시,성동구,왕십리도선동
487,정성약국,"서울특별시 구로구 경인로 373 2층 (고척동, 문화골든타워)",126.8619052,37.4969239,B,1153010600,서울특별시,구로구,고척동,H,1153072000,서울특별시,구로구,고척1동
488,뉴프라임약국,서울특별시 송파구 송파대로 278 1층 (가락동),127.1177511,37.4942892,B,1171010700,서울특별시,송파구,가락동,H,1171062000,서울특별시,송파구,가락본동
489,평화약국,서울특별시 관악구 남부순환로 1784 1층 (봉천동),126.9484496,37.4814223,B,1162010100,서울특별시,관악구,봉천동,H,1162059500,서울특별시,관악구,청룡동
490,더블유스토어하이약국,서울특별시 서초구 사임당로 39 한성빌딩 (서초동),127.0141123,37.4884264,B,1165010800,서울특별시,서초구,서초동,H,1165053000,서울특별시,서초구,서초3동
491,플러스약국,"서울특별시 구로구 경인로 661 (신도림동, 신도림1차푸르지오)",126.8877039,37.5095178,B,1153010100,서울특별시,구로구,신도림동,H,1153051000,서울특별시,구로구,신도림동
492,전원약국,"서울특별시 동작구 사당로 244 1호 (사당동, 사당시장 점포)",126.9748808,37.4830336,B,1159010700,서울특별시,동작구,사당동,H,1159065000,서울특별시,동작구,사당4동
493,신미소약국,서울특별시 관악구 시흥대로 578 1층 (신림동),126.9032676,37.4843462,B,1162010200,서울특별시,관악구,신림동,H,1162072500,서울특별시,관악구,조원동
494,개포플러스약국,서울특별시 강남구 선릉로 30 개포빌딩 1층 (개포동),127.0611935,37.4824818,B,1168010300,서울특별시,강남구,개포동,H,1168067000,서울특별시,강남구,개포2동
495,연세약국,서울특별시 동대문구 전농로16길 11 (전농동),127.0582886,37.578666,B,1123010400,서울특별시,동대문구,전농동,H,1123057000,서울특별시,동대문구,전농2동
496,해태보라매약국,"서울특별시 동작구 보라매로3길 29 (신대방동,해태보라매타워상가동 1층 28호)",126.925186,37.491405,B,1162010100,서울특별시,관악구,봉천동,H,1162052500,서울특별시,관악구,보라매동
497,별약국,서울특별시 도봉구 도봉로 927 1층 (도봉동),127.0455068,37.6871832,B,1132010800,서울특별시,도봉구,도봉동,H,1132052100,서울특별시,도봉구,도봉1동
498,석촌온누리약국,서울특별시 송파구 송파대로 438 103호 (송파동),127.1070161,37.5059196,B,1171010400,서울특별시,송파구,송파동,H,1171058000,서울특별시,송파구,송파1동
499,진약국,서울특별시 성동구 왕십리로 315 (행당동),127.0342572,37.5617465,B,1120010700,서울특별시,성동구,행당동,H,1120056000,서울특별시,성동구,행당1동
500,하나약국,"서울특별시 서초구 법원로2길 23 101호 (서초동, 한성빌딩)",127.0132771,37.4944451,B,1165010800,서울특별시,서초구,서초동,H,1165053000,서울특별시,서초구,서초3동
501,박순영온누리약국,"서울특별시 송파구 마천로7길 6 117호,118호 (오금동)",127.1279517,37.5084223,B,1171011200,서울특별시,송파구,오금동,H,1171057000,서울특별시,송파구,오금동
502,수산약국,서울특별시 영등포구  대림로34길 12 (대림동),126.8996973,37.4987176,B,1156013300,서울특별시,영등포구,대림동,H,1156072000,서울특별시,영등포구,대림3동
503,이도건강약국,"서울특별시 강남구 테헤란로87길 29 1층 (삼성동, 엠타워)",127.0580011,37.5096122,B,1168010500,서울특별시,강남구,삼성동,H,1168058000,서울특별시,강남구,삼성1동
504,알파약국,서울특별시 중구 마장로9길 34 1층 (황학동),127.0197219,37.5698987,B,1114016500,서울특별시,중구,황학동,H,1114067000,서울특별시,중구,황학동
505,미소약국,"서울특별시 종로구 종로 115 403호 (종로3가, 낙원빌딩)",126.990473,37.5706126,B,1111015600,서울특별시,종로구,종로3가,H,1111061500,서울특별시,종로구,종로1.2.3.4가동
506,서초온누리약국,"서울특별시 서초구 서초대로 310 지하1층 (서초동, 소망빌딩)",127.0155606,37.4939941,B,1165010800,서울특별시,서초구,서초동,H,1165051000,서울특별시,서초구,서초1동
507,국화약국,"서울특별시 종로구 평창11길 3 1층 (평창동, 쇼핑센타뉴본)",126.9666875,37.6060012,B,1111018300,서울특별시,종로구,평창동,H,1111056000,서울특별시,종로구,평창동
508,그린이화약국,"서울특별시 마포구 양화로 133 B104-5호 (서교동, 서교타워빌딩)",126.9209815,37.5552513,B,1144012000,서울특별시,마포구,서교동,H,1144066000,서울특별시,마포구,서교동
509,큰사랑약국,서울특별시 중랑구 용마산로117길 45 1층 (망우동),127.0979307,37.5998844,B,1126010500,서울특별시,중랑구,망우동,H,1126065500,서울특별시,중랑구,망우본동
510,혜민약국,"서울특별시 성동구 마조로 30 1층 (행당동, 미진빌딩)",127.0414441,37.5603236,B,1120010700,서울특별시,성동구,행당동,H,1120055000,서울특별시,성동구,사근동
511,길동스타약국,"서울특별시 강동구 양재대로 1498 1층 (길동, 호석빌딩)",127.1409212,37.5393144,B,1174010500,서울특별시,강동구,길동,H,1174068500,서울특별시,강동구,길동
512,스타온누리약국,"서울특별시 성북구 동소문로 14-1 1층 (동소문동2가, 로석빌딩)",127.0078986,37.5889925,B,1129010500,서울특별시,성북구,동소문동2가,H,1129055500,서울특별시,성북구,삼선동
513,삼성약국,서울특별시 서대문구 연희맛로 28 (연희동),126.9304471,37.5672457,B,1141011700,서울특별시,서대문구,연희동,H,1141061500,서울특별시,서대문구,연희동
514,종합약국,서울특별시 광진구 긴고랑로 106 1층 (중곡동),127.086948,37.5595706,B,1121510100,서울특별시,광진구,중곡동,H,1121575000,서울특별시,광진구,중곡2동
515,충정로조은약국,서울특별시 중구 중림로2길 6 1층 (중림동),126.9635714,37.5588609,B,1114017100,서울특별시,중구,중림동,H,1114068000,서울특별시,중구,중림동
516,한림약국,서울특별시 동대문구 장한로21길 11-12 (장안동),127.0687153,37.5692076,B,1123010600,서울특별시,동대문구,장안동,H,1123065000,서울특별시,동대문구,장안1동
517,재훈약국,"서울특별시 구로구 시흥대로161가길 17 (구로동, 성은빌라)",126.8980412,37.4801803,B,1153010200,서울특별시,구로구,구로동,H,1153054000,서울특별시,구로구,구로3동
518,성우약국,서울특별시 영등포구 여의대로 24 전국경제인연합회회관 지하1층 114-2호 (여의도동),126.919944,37.5221784,B,1156011000,서울특별시,영등포구,여의도동,H,1156054000,서울특별시,영등포구,여의동
519,리센츠약국,서울특별시 송파구 올림픽로 145 리센츠 3층 3A36호 (잠실동),127.1439055,37.5349954,B,1174010500,서울특별시,강동구,길동,H,1174068500,서울특별시,강동구,길동
520,마곡메디칼약국,"서울특별시 강서구 마곡중앙5로 81 107, 108호 (마곡동, 에스비타운)",126.8187625,37.5670966,B,1150010500,서울특별시,강서구,마곡동,H,1150063000,서울특별시,강서구,방화1동
521,레아약국,"서울특별시 금천구 가산디지털1로 131 117-1호 (가산동, BYC하이시티)",126.8822271,37.4766804,B,1154510100,서울특별시,금천구,가산동,H,1154551000,서울특별시,금천구,가산동
522,천사약국,서울특별시 광진구 능동로 409 1층 (중곡동),127.0838384,37.5656141,B,1121510100,서울특별시,광진구,중곡동,H,1121576000,서울특별시,광진구,중곡3동
523,프라자미약국,서울특별시 중랑구 면목로 311 삼원빌딩 (면목동),127.0878285,37.5799197,B,1126010100,서울특별시,중랑구,면목동,H,1126057000,서울특별시,중랑구,면목7동
524,천사약국,서울특별시 은평구 통일로 856 (불광동),126.9216803,37.6197065,B,1138010300,서울특별시,은평구,불광동,H,1138053000,서울특별시,은평구,불광2동
525,플러스약국,서울특별시 강남구 테헤란로 111 대건빌딩 1층 일부호 (역삼동),127.0292963,37.4988903,B,1168010100,서울특별시,강남구,역삼동,H,1168064000,서울특별시,강남구,역삼1동
526,갤러리아온누리약국,서울특별시 강남구 선릉로 843 107호 (신사동),127.0401887,37.5271277,B,1168010700,서울특별시,강남구,신사동,H,1168054500,서울특별시,강남구,압구정동
527,정온누리약국,서울특별시 송파구 백제고분로 210 (삼전동),127.0898735,37.5035664,B,1171010600,서울특별시,송파구,삼전동,H,1171061000,서울특별시,송파구,삼전동
528,삼화온누리약국,서울특별시 강북구 도봉로 196 1층 (미아동),127.0265992,37.6261604,B,1130510100,서울특별시,강북구,미아동,H,1130553500,서울특별시,강북구,미아동
529,믿음약국,"서울특별시 송파구 중대로 24 (문정동, 훼밀리상가 136호)",127.1187912,37.4902451,B,1171010800,서울특별시,송파구,문정동,H,1171064200,서울특별시,송파구,문정2동
530,보건약국,서울특별시 은평구 증산로9길 3 1층 101호 (증산동),126.9098611,37.5846629,B,1138011000,서울특별시,은평구,증산동,H,1138064000,서울특별시,은평구,증산동
531,화생약국,서울특별시 성동구 행당로 1 (금호동1가),127.0202792,37.5548334,B,1120010900,서울특별시,성동구,금호동1가,H,1120059000,서울특별시,성동구,금호1가동
532,믿음메디칼약국,서울특별시 은평구 응암로 213 (응암동),126.9171406,37.5910163,B,1138010700,서울특별시,은평구,응암동,H,1138060000,서울특별시,은평구,응암3동
533,대교약국,서울특별시 송파구 가락로 153 1층 (송파동),127.1126466,37.5031559,B,1171010400,서울특별시,송파구,송파동,H,1171058000,서울특별시,송파구,송파1동
534,백두산약국,서울특별시 관악구 은천로 37 1층 (봉천동),126.9395881,37.4863545,B,1162010100,서울특별시,관악구,봉천동,H,1162060500,서울특별시,관악구,은천동
535,대현온누리약국,서울특별시 강서구 양천로 556 강서메디칼센터 105호 (등촌동),126.8607457,37.5577822,B,1150010200,서울특별시,강서구,등촌동,H,1150052000,서울특별시,강서구,등촌1동
536,영일약국,서울특별시 강서구 양천로 658 (염창동),126.869923,37.5523059,B,1150010100,서울특별시,강서구,염창동,H,1150051000,서울특별시,강서구,염창동
537,강서약국,서울특별시 강서구 등촌로 75 지덕빌딩 (등촌동),126.8632401,37.5370522,B,1150010200,서울특별시,강서구,등촌동,H,1150053000,서울특별시,강서구,등촌2동
538,새시장약국,서울특별시 중랑구 망우로62길 81 (망우동),127.0997145,37.5959737,B,1126010500,서울특별시,중랑구,망우동,H,1126065500,서울특별시,중랑구,망우본동
539,온누리삼일약국,서울특별시 강동구 구천면로42길 17 (천호동),127.1352718,37.5462815,B,1174010900,서울특별시,강동구,천호동,H,1174060000,서울특별시,강동구,천호1동
540,암사현대약국,서울특별시 강동구 올림픽로 777 102호 (암사동),127.1274244,37.5505172,B,1174010700,서울특별시,강동구,암사동,H,1174058000,서울특별시,강동구,암사2동
541,바로약국,"서울특별시 강서구 강서로 341 창대교회 1층 2호,3호 (내발산동)",126.837233,37.5563484,B,1150010600,서울특별시,강서구,내발산동,H,1150061100,서울특별시,강서구,발산1동
542,동신약국,서울특별시 양천구 목동동로12길 17 (목동),126.8732025,37.5229258,B,1147010200,서울특별시,양천구,목동,H,1147051000,서울특별시,양천구,목1동
543,신방화약국,"서울특별시 강서구 양천로 128 103호 (방화동, 한림리첸빌)",126.8181642,37.5731355,B,1150010900,서울특별시,강서구,방화동,H,1150063000,서울특별시,강서구,방화1동
544,소망온누리약국,서울특별시 은평구 가좌로5길 22-1 (응암동),126.9203557,37.5869041,B,1138010700,서울특별시,은평구,응암동,H,1138060000,서울특별시,은평구,응암3동
545,동부대학약국,서울특별시 동대문구 무학로 122 1층 (용두동),127.0309098,37.5750596,B,1123010200,서울특별시,동대문구,용두동,H,1123053600,서울특별시,동대문구,용신동
546,목동세명약국,서울특별시 양천구 목동중앙북로 27 (목동),126.8665621,37.548306,B,1147010200,서울특별시,양천구,목동,H,1147053000,서울특별시,양천구,목3동
547,신종로약국,서울특별시 동대문구 왕산로 261 1층 (청량리동),127.0501114,37.5843596,B,1123010700,서울특별시,동대문구,청량리동,H,1123070500,서울특별시,동대문구,청량리동
548,중앙온누리약국,서울특별시 강동구 아리수로 427 1층 (강일동),127.1746155,37.5649683,B,1174011000,서울특별시,강동구,강일동,H,1174051500,서울특별시,강동구,강일동
549,가락온누리약국,서울특별시 송파구 동남로 207 (가락동),127.1309178,37.4960578,B,1171010700,서울특별시,송파구,가락동,H,1171063200,서울특별시,송파구,가락2동
550,사랑온누리약국,서울특별시 강북구 도봉로 40 (미아동),127.0304487,37.6125873,B,1130510100,서울특별시,강북구,미아동,H,1130554500,서울특별시,강북구,송중동
551,새서울DMC약국,서울특별시 서대문구 수색로 56 성공타워1 210호 (북가좌동),126.9123057,37.5708721,B,1141011900,서울특별시,서대문구,북가좌동,H,1141071000,서울특별시,서대문구,북가좌1동
552,장안메디칼약국,"서울특별시 동대문구 사가정로 207 104호,105호 (장안동, 삼협메디스빌딩)",127.0680261,37.5789065,B,1123010600,서울특별시,동대문구,장안동,H,1123066000,서울특별시,동대문구,장안2동
553,i튼튼약국,서울특별시 노원구 동일로 1059 (공릉동),127.0729837,37.6245329,B,1135010300,서울특별시,노원구,공릉동,H,1135059500,서울특별시,노원구,공릉1동
554,쉐르빌대학약국,서울특별시 광진구 구의강변로 106 105호 (구의동),127.0948406,37.5399301,B,1121510300,서울특별시,광진구,구의동,H,1121587000,서울특별시,광진구,구의3동
555,고전약국,"서울특별시 강북구 도봉로 167 2층 (미아동, 아름빌딩)",127.0268489,37.6236486,B,1130510100,서울특별시,강북구,미아동,H,1130555500,서울특별시,강북구,송천동
556,가장큰현대아산약국,서울특별시 송파구 강동대로 67 (풍납동),127.1153097,37.5269894,B,1171010300,서울특별시,송파구,풍납동,H,1171052000,서울특별시,송파구,풍납2동
557,행복한약국,서울특별시 동대문구 답십리로66길 95 1층 (장안동),127.0662424,37.5685977,B,1123010600,서울특별시,동대문구,장안동,H,1123065000,서울특별시,동대문구,장안1동
558,세곡리엔약국,서울특별시 강남구 헌릉로570길 34 1층 108호 (세곡동),127.1034684,37.4631868,B,1168011100,서울특별시,강남구,세곡동,H,1168070000,서울특별시,강남구,세곡동
559,새싹약국,서울특별시 강남구 학동로 121 지하1층 일부호 (논현동),127.0243422,37.5122594,B,1168010800,서울특별시,강남구,논현동,H,1168052100,서울특별시,강남구,논현1동
560,흥부약국,서울특별시 강서구 공항대로 437 1층 (등촌동),126.8559224,37.5549397,B,1150010200,서울특별시,강서구,등촌동,H,1150052000,서울특별시,강서구,등촌1동
561,봄온누리약국,서울특별시 성북구 장위로 112 (장위동),127.0488991,37.6134737,B,1129013800,서울특별시,성북구,장위동,H,1129076000,서울특별시,성북구,장위1동
562,약사랑옵티마약국,서울특별시 성동구 난계로 35 (금호동1가),127.0244859,37.5555287,B,1120010900,서울특별시,성동구,금호동1가,H,1120059000,서울특별시,성동구,금호1가동
563,제이약국,서울특별시 구로구 디지털로34길 55 코오롱싸이언스밸리2차 2층 214-1호 (구로동),126.8994585,37.4841595,B,1153010200,서울특별시,구로구,구로동,H,1153054000,서울특별시,구로구,구로3동
564,마곡스타약국,서울특별시 강서구 공항대로 168 1층 106-1호 (마곡동),126.8261369,37.5592737,B,1150010500,서울특별시,강서구,마곡동,H,1150061100,서울특별시,강서구,발산1동
565,365프라자약국,서울특별시 중랑구 공릉로 63 (묵동),127.0792939,37.6162771,B,1126010400,서울특별시,중랑구,묵동,H,1126062000,서울특별시,중랑구,묵1동
566,시장온누리약국,서울특별시 송파구 바람드리길 52 (풍납동),127.121388,37.5371359,B,1171010300,서울특별시,송파구,풍납동,H,1171051000,서울특별시,송파구,풍납1동
567,백세약국,서울특별시 성북구  아리랑로 117-5 (정릉동),127.013137,37.6024313,B,1129013300,서울특별시,성북구,정릉동,H,1129063000,서울특별시,성북구,정릉2동
568,달약국,서울특별시 강동구 천호대로 1171 1층 (길동),127.1414106,37.5341331,B,1174010500,서울특별시,강동구,길동,H,1174068500,서울특별시,강동구,길동
569,윤약국,서울특별시 송파구 백제고분로 365 1층 (석촌동),127.1063142,37.5052718,B,1171010500,서울특별시,송파구,석촌동,H,1171060000,서울특별시,송파구,석촌동
570,햇빛온누리약국,서울특별시 강서구 등촌로 59-1 1층 (화곡동),126.8631863,37.5353822,B,1150010300,서울특별시,강서구,화곡동,H,1150057000,서울특별시,강서구,화곡4동
571,에이타워약국,서울특별시 강남구 테헤란로 105 1층 (역삼동),127.0285428,37.498646,B,1168010100,서울특별시,강남구,역삼동,H,1168064000,서울특별시,강남구,역삼1동
572,유정온누리약국,서울특별시 동작구 여의대방로22나길 1 1층 (신대방동),126.9208075,37.4975038,B,1159010900,서울특별시,동작구,신대방동,H,1159068000,서울특별시,동작구,신대방2동
573,다정약국,서울특별시 송파구 백제고분로 349 자재백화점 1층 (석촌동),127.1049639,37.5045422,B,1171010500,서울특별시,송파구,석촌동,H,1171060000,서울특별시,송파구,석촌동
574,웰니스약국,서울특별시 중구 명동10길 51 나인트리호텔 1층 (충무로2가),126.9860309,37.5615873,B,1114012500,서울특별시,중구,충무로2가,H,1114055000,서울특별시,중구,명동
575,한울약국,서울특별시 관악구 난곡로 50 자연빌딩 1층 (신림동),126.9201665,37.4604681,B,1162010200,서울특별시,관악구,신림동,H,1162071500,서울특별시,관악구,난향동
576,대흥365약국,서울특별시 마포구 백범로 98 1층 (대흥동),126.9422123,37.5475814,B,1144010800,서울특별시,마포구,대흥동,H,1144060000,서울특별시,마포구,대흥동
577,굿모닝약국,서울특별시 구로구 개봉로 57 (개봉동),126.8557608,37.4907367,B,1153010700,서울특별시,구로구,개봉동,H,1153075000,서울특별시,구로구,개봉2동
578,동명약국,서울특별시 강동구 양재대로 1396 원천빌딩 1층 (둔촌동),127.13787,37.53066,B,1174010600,서울특별시,강동구,둔촌동,H,1174070000,서울특별시,강동구,둔촌2동
579,마곡프라자약국,서울특별시 강서구 마곡서1로 115-1 마곡헤리움1차 105~106호 (마곡동),126.8185711,37.5667077,B,1150010500,서울특별시,강서구,마곡동,H,1150063000,서울특별시,강서구,방화1동
580,참좋은약국,서울특별시 송파구 중대로 105 가락 ID TOWER 104호 (가락동),127.1200406,37.4935764,B,1171010700,서울특별시,송파구,가락동,H,1171062000,서울특별시,송파구,가락본동
581,미소온누리약국,서울특별시 관악구 난곡로 295 1층 (신림동),126.914532,37.4803809,B,1162010200,서울특별시,관악구,신림동,H,1162076500,서울특별시,관악구,미성동
582,아란약국,서울특별시 서초구 서운로 216 GDA주니어스쿨 203호 (서초동),127.0231824,37.4997906,B,1165010800,서울특별시,서초구,서초동,H,1165053100,서울특별시,서초구,서초4동
583,인터팜이화약국,서울특별시 강남구 도산대로38길 11 102-4호 (논현동),127.0323587,37.519992,B,1168010800,서울특별시,강남구,논현동,H,1168053100,서울특별시,강남구,논현2동
584,오렌지약국,"서울특별시 관악구 관악로 168 1층 111호 (봉천동, 대우디오슈페리움2단지)",126.9530995,37.4801769,B,1162010100,서울특별시,관악구,봉천동,H,1162058500,서울특별시,관악구,낙성대동
585,정원약국,서울특별시 성북구 돌곶이로 176 1층 (장위동),127.0498334,37.6166673,B,1129013800,서울특별시,성북구,장위동,H,1129077000,서울특별시,성북구,장위2동
586,조아약국,"서울특별시 영등포구 문래로 191 1층 102-1호 (영등포동4가, 영등포 대성 그랑그루)",126.9032424,37.5184396,B,1156010500,서울특별시,영등포구,영등포동4가,H,1156053500,서울특별시,영등포구,영등포동
587,이룸약국,서울특별시 강남구 논현로 838 원방프라자 1층 일부호 (신사동),127.0286669,37.5233551,B,1168010700,서울특별시,강남구,신사동,H,1168054500,서울특별시,강남구,압구정동
588,엘림온누리약국,서울특별시 관악구 난곡로 316 1층 (신림동),126.9147547,37.4822161,B,1162010200,서울특별시,관악구,신림동,H,1162068500,서울특별시,관악구,신사동
589,합정365약국,서울특별시 마포구 독막로 14 1층 (합정동),126.914912,37.548427,B,1144012200,서울특별시,마포구,합정동,H,1144068000,서울특별시,마포구,합정동
590,신림4번출구약국,서울특별시 관악구 남부순환로 1604 1층 (신림동),126.928953,37.4839457,B,1162010200,서울특별시,관악구,신림동,H,1162064500,서울특별시,관악구,서원동
591,정문약국,서울특별시 강동구 진황도로61길 48 (둔촌동),127.1457322,37.5283915,B,1174010600,서울특별시,강동구,둔촌동,H,1174070000,서울특별시,강동구,둔촌2동
592,강동웰빙약국,서울특별시 강동구 천호대로 1124 1층 (성내동),127.1362022,37.5343426,B,1174010800,서울특별시,강동구,성내동,H,1174066000,서울특별시,강동구,성내3동
593,금약국,서울특별시 구로구 고척로 132 서정빌딩 1층 2호 (개봉동),126.848664,37.5022298,B,1153010700,서울특별시,구로구,개봉동,H,1153074000,서울특별시,구로구,개봉1동
594,신성온누리약국,"서울특별시 광진구 면목로 127 1층 (중곡동, 신성그랜드타워)",127.0804274,37.5650719,B,1121510100,서울특별시,광진구,중곡동,H,1121574000,서울특별시,광진구,중곡1동
595,참진약국,서울특별시 은평구 역말로 40 무궁화빌딩 (역촌동),126.9147139,37.6056698,B,1138010800,서울특별시,은평구,역촌동,H,1138062500,서울특별시,은평구,역촌동
596,우리 이 약국,서울특별시 마포구 백범로 8 우정마샹스 오피스텔 비110호 (노고산동),126.9367182,37.5540014,B,1144011000,서울특별시,마포구,노고산동,H,1144060000,서울특별시,마포구,대흥동
597,봄약국,서울특별시 영등포구 영등포로34길 12 1층 (영등포동4가),126.9020409,37.5192647,B,1156010500,서울특별시,영등포구,영등포동4가,H,1156053500,서울특별시,영등포구,영등포동
598,이수연약국,서울특별시 강서구 마곡중앙로 59-21 에이스타워2 1층 120호 (마곡동),126.8242411,37.5588047,B,1150010500,서울특별시,강서구,마곡동,H,1150061100,서울특별시,강서구,발산1동
599,청담더약국,서울특별시 강남구 선릉로 834 모던빌딩 1층 (청담동),127.0404627,37.5264495,B,1168010400,서울특별시,강남구,청담동,H,1168056500,서울특별시,강남구,청담동
600,해바라기약국,서울특별시 강남구 강남대로 320 1층 (역삼동),127.031063,37.4918602,B,1168010100,서울특별시,강남구,역삼동,H,1168064000,서울특별시,강남구,역삼1동
601,나무약국,서울특별시 서초구 명달로 106 원영빌딩 1층 (서초동),127.0044612,37.4866165,B,1165010800,서울특별시,서초구,서초동,H,1165053000,서울특별시,서초구,서초3동
602,서울약국,서울특별시 서대문구 통일로 464 3층 (홍제동),126.9432367,37.589967,B,1141011100,서울특별시,서대문구,홍제동,H,1141064000,서울특별시,서대문구,홍제3동
603,덕수약국,서울특별시 중랑구 중랑역로 33 (중화동),127.0758196,37.5971962,B,1126010300,서울특별시,중랑구,중화동,H,1126061000,서울특별시,중랑구,중화2동
604,뚝섬스타약국,서울특별시 성동구 아차산로 42 지하1층 (성수동1가),127.0490393,37.5464768,B,1120011400,서울특별시,성동구,성수동1가,H,1120066000,서울특별시,성동구,성수1가2동
605,팰리스약국,"서울특별시 마포구 마포대로 143 220호 (공덕동, 마포공덕파크팰리스 II)",126.9530641,37.547322,B,1144010200,서울특별시,마포구,공덕동,H,1144055500,서울특별시,마포구,아현동
606,유경약국,서울특별시 서초구 방배중앙로 167 (방배동),126.9860986,37.493928,B,1165010100,서울특별시,서초구,방배동,H,1165059000,서울특별시,서초구,방배본동
607,이웃사랑약국,"서울특별시 동대문구 한천로46길 56-4 101호 (장안동, 부성빌딩)",127.0713856,37.5816006,B,1123010600,서울특별시,동대문구,장안동,H,1123066000,서울특별시,동대문구,장안2동
608,영암약국,"서울특별시 관악구 원신2길 34 (신림동, 신림시장)",126.93216,37.4706672,B,1162010200,서울특별시,관악구,신림동,H,1162074500,서울특별시,관악구,삼성동
609,원정약국,서울특별시 중구 청구로 70 1층 (신당동),127.0146247,37.5601248,B,1114016200,서울특별시,중구,신당동,H,1114066500,서울특별시,중구,동화동
610,윤경약국,서울특별시 동작구 상도로 65 (대방동),126.9279174,37.4999844,B,1159010800,서울특별시,동작구,대방동,H,1159066000,서울특별시,동작구,대방동
611,새생명약국,"서울특별시 중구 다산로 32 1층 124호 (신당동, 남산타운5상가)",127.0097435,37.5500494,B,1114016200,서울특별시,중구,신당동,H,1114063500,서울특별시,중구,약수동
612,형제약국,서울특별시 관악구 남부순환로172길 10 1층 (신림동),126.9252238,37.4833346,B,1162010200,서울특별시,관악구,신림동,H,1162065500,서울특별시,관악구,신원동
613,온누리대산약국,서울특별시 관악구 시흥대로 560 1층 (신림동),126.9020192,37.4829376,B,1162010200,서울특별시,관악구,신림동,H,1162072500,서울특별시,관악구,조원동
614,명성프라자약국,서울특별시 관악구 관악로 231-1 (봉천동),126.9555945,37.4853486,B,1162010100,서울특별시,관악구,봉천동,H,1162061500,서울특별시,관악구,중앙동
615,명문약국,서울특별시 구로구 디지털로32길 97-39 (구로동),126.9013723,37.4842667,B,1153010200,서울특별시,구로구,구로동,H,1153054000,서울특별시,구로구,구로3동
616,승일약국,서울특별시 관악구 문성로 93 1층 (신림동),126.914039,37.4777272,B,1162010200,서울특별시,관악구,신림동,H,1162076500,서울특별시,관악구,미성동
617,참약국,서울특별시 중랑구 상봉중앙로1길 12 1층 (상봉동),127.0874444,37.5996326,B,1126010200,서울특별시,중랑구,상봉동,H,1126058000,서울특별시,중랑구,상봉1동
618,은하온누리약국,"서울특별시 동작구 사당로2가길 102 119호 (사당동, 사당자이아파트 상가)",126.9626169,37.4890499,B,1159010700,서울특별시,동작구,사당동,H,1159065100,서울특별시,동작구,사당5동
619,삼명약국,서울특별시 금천구 독산로 88 (시흥동),126.906073,37.455253,B,1154510300,서울특별시,금천구,시흥동,H,1154570000,서울특별시,금천구,시흥4동
620,세명당약국,서울특별시 금천구 시흥대로58길 5 (시흥동),126.901482,37.4537305,B,1154510300,서울특별시,금천구,시흥동,H,1154567000,서울특별시,금천구,시흥1동
621,고성희약국,서울특별시 금천구 금하로24길 57 (시흥동),126.9088347,37.4484847,B,1154510300,서울특별시,금천구,시흥동,H,1154571000,서울특별시,금천구,시흥5동
622,만남온누리약국,서울특별시 강북구 삼양로 675 (우이동),127.0123283,37.6629815,B,1130510400,서울특별시,강북구,우이동,H,1130564500,서울특별시,강북구,우이동
623,보생약국,서울특별시 종로구 종로 197-2 (종로4가),126.999649,37.5710649,B,1111016100,서울특별시,종로구,종로4가,H,1111061500,서울특별시,종로구,종로1.2.3.4가동
624,자산약국,서울특별시 성북구 화랑로5길 42 (하월곡동),127.0395096,37.6044227,B,1129013600,서울특별시,성북구,하월곡동,H,1129072500,서울특별시,성북구,월곡2동
625,구원약국,서울특별시 성북구 오패산로 16 (하월곡동),127.0375058,37.6036602,B,1129013600,서울특별시,성북구,하월곡동,H,1129072500,서울특별시,성북구,월곡2동
626,대창약국,서울특별시 강북구 월계로 53 (미아동),127.0355368,37.6120319,B,1130510100,서울특별시,강북구,미아동,H,1129071500,서울특별시,성북구,월곡1동
627,안국온누리약국,서울특별시 강북구 한천로 1058 (수유동),127.0252911,37.6413899,B,1130510300,서울특별시,강북구,수유동,H,1130563500,서울특별시,강북구,수유3동
628,굿모닝약국,서울특별시 성북구 동소문로 16-1 (동소문동2가),127.0081169,37.5890862,B,1129010500,서울특별시,성북구,동소문동2가,H,1129055500,서울특별시,성북구,삼선동
629,대원약국,서울특별시 성북구 돌곶이로14길 51 (석관동),127.0625464,37.6089175,B,1129013900,서울특별시,성북구,석관동,H,1129081000,서울특별시,성북구,석관동
630,온누리진호약국,서울특별시 성북구 돌곶이로 36-1 (석관동),127.0605844,37.6075988,B,1129013900,서울특별시,성북구,석관동,H,1129081000,서울특별시,성북구,석관동
631,새유명온누리약국,서울특별시 관악구 당곡길 22 (봉천동),126.9292223,37.4902656,B,1162010100,서울특별시,관악구,봉천동,H,1162052500,서울특별시,관악구,보라매동
632,상일약국,"서울특별시 송파구 올림픽로35가길 11 (신천동, 한신코아 110호)",127.1043832,37.5168027,B,1171010200,서울특별시,송파구,신천동,H,1171071000,서울특별시,송파구,잠실6동
633,예사랑약국,서울특별시 송파구 백제고분로 446 송암빌딩 2층 201호 (방이동),127.1123939,37.5106316,B,1171011100,서울특별시,송파구,방이동,H,1171056200,서울특별시,송파구,방이2동
634,고바우약국,서울특별시 송파구 마천로41길 21 (마천동),127.1500588,37.4971274,B,1171011400,서울특별시,송파구,마천동,H,1171055000,서울특별시,송파구,마천2동
635,용화당약국,"서울특별시 노원구 노원로16길 21 106호 (하계동, 주공9단지아파트상가)",127.0737078,37.6421347,B,1135010400,서울특별시,노원구,하계동,H,1135061100,서울특별시,노원구,하계1동
636,건강약국,서울특별시 동대문구 왕산로 176 2층 (전농동),127.043031,37.5792824,B,1123010400,서울특별시,동대문구,전농동,H,1123056000,서울특별시,동대문구,전농1동
637,대림약국,서울특별시 영등포구 도림로 155 (대림동),126.8988361,37.494422,B,1156013300,서울특별시,영등포구,대림동,H,1156072000,서울특별시,영등포구,대림3동
638,은성약국,"서울특별시 구로구 신도림로19길 7 (신도림동, 성광빌딩)",126.8844653,37.511267,B,1153010100,서울특별시,구로구,신도림동,H,1153051000,서울특별시,구로구,신도림동
639,가정약국,서울특별시 양천구 목동중앙본로 128-2 (목동),126.872078,37.5466677,B,1147010200,서울특별시,양천구,목동,H,1147052000,서울특별시,양천구,목2동
640,아카데미약국,"서울특별시 동작구 보라매로5가길 16 515호 (신대방동, 아카데미타워)",126.924075,37.4913263,B,1159010900,서울특별시,동작구,신대방동,H,1159068000,서울특별시,동작구,신대방2동
641,스타약국,"서울특별시 영등포구 도림로48길 4 1층 5호 (대림동, 대림스타빌딩)",126.9006442,37.4949995,B,1156013300,서울특별시,영등포구,대림동,H,1156070000,서울특별시,영등포구,대림1동
642,송파하나약국,서울특별시 송파구 마천로41길 1 1층 (마천동),127.1477889,37.4974251,B,1171011400,서울특별시,송파구,마천동,H,1171055000,서울특별시,송파구,마천2동
643,천사약국,서울특별시 마포구 양화로 48 1층 (합정동),126.9143378,37.5494507,B,1144012200,서울특별시,마포구,합정동,H,1144068000,서울특별시,마포구,합정동
644,참좋은약국,서울특별시 구로구 구로중앙로 134 4층 (구로동),126.8846199,37.4999176,B,1153010200,서울특별시,구로구,구로동,H,1153056000,서울특별시,구로구,구로5동
645,참바른약국,서울특별시 관악구 신원로 35 삼모 더 프라임 타워 2층 (신림동),126.9302485,37.4825924,B,1162010200,서울특별시,관악구,신림동,H,1162064500,서울특별시,관악구,서원동
646,시온약국,서울특별시 송파구 백제고분로27길 19 (삼전동),127.0931666,37.5048875,B,1171010600,서울특별시,송파구,삼전동,H,1171061000,서울특별시,송파구,삼전동
647,연세메디칼약국,서울특별시 서대문구 응암로 100 (북가좌동),126.9128594,37.5815377,B,1141011900,서울특별시,서대문구,북가좌동,H,1141072000,서울특별시,서대문구,북가좌2동
648,삼전종로약국,서울특별시 송파구 백제고분로 203 (삼전동),127.0894118,37.5041941,B,1171010600,서울특별시,송파구,삼전동,H,1171061000,서울특별시,송파구,삼전동
649,새동산약국,서울특별시 송파구 풍성로25가길 11 (풍납동),127.1202644,37.535092,B,1171010300,서울특별시,송파구,풍납동,H,1171051000,서울특별시,송파구,풍납1동
650,서리풀약국,"서울특별시 서초구 서리풀길 1 102호 (서초동, 자연빌딩)",127.0209709,37.4865092,B,1165010800,서울특별시,서초구,서초동,H,1165051000,서울특별시,서초구,서초1동
651,해성약국,서울특별시 송파구 가락로 111 (석촌동),127.1083511,37.5015614,B,1171010500,서울특별시,송파구,석촌동,H,1171060000,서울특별시,송파구,석촌동
652,약손약국,서울특별시 도봉구 도봉로 601 (쌍문동),127.0400625,37.6583821,B,1132010500,서울특별시,도봉구,쌍문동,H,1132067000,서울특별시,도봉구,쌍문2동
653,동의삼성약국,서울특별시 송파구 거마로22길 49 (마천동),127.1520044,37.4968936,B,1171011400,서울특별시,송파구,마천동,H,1171055000,서울특별시,송파구,마천2동
654,윤호약국,서울특별시 송파구 마천로 311 (마천동),127.150376,37.4954581,B,1171011400,서울특별시,송파구,마천동,H,1171054000,서울특별시,송파구,마천1동
655,양생약국,서울특별시 관악구 남부순환로234길 27 (봉천동),126.9569176,37.4781503,B,1162010100,서울특별시,관악구,봉천동,H,1162058500,서울특별시,관악구,낙성대동
656,혜민약국,"서울특별시 서대문구 통일로34길 35 2층 219, 230호 (홍제동, 현대종합상가)",126.9498125,37.5863237,B,1141011100,서울특별시,서대문구,홍제동,H,1141065500,서울특별시,서대문구,홍제2동
657,경성약국,서울특별시 관악구 남부순환로161길 70 (신림동),126.918758,37.4853398,B,1162010200,서울특별시,관악구,신림동,H,1162068500,서울특별시,관악구,신사동
658,하나온누리약국,"서울특별시 성북구 화랑로 95 (하월곡동, 새서울신용협동조합)",127.0424731,37.603283,B,1129013600,서울특별시,성북구,하월곡동,H,1129072500,서울특별시,성북구,월곡2동
659,경동시장약국,"서울특별시 동대문구 고산자로 476 1층 (제기동, 서울제기동우체국)",127.0389184,37.5821386,B,1123010300,서울특별시,동대문구,제기동,H,1123054500,서울특별시,동대문구,제기동
660,우신약국,서울특별시 영등포구 영등포로 250-1 (영등포동3가),126.9091128,37.5188312,B,1156010400,서울특별시,영등포구,영등포동3가,H,1156053500,서울특별시,영등포구,영등포동
661,서울하이약국,서울특별시 중구 세종대로 11-1 1층 (남대문로5가),126.9731339,37.5582278,B,1114011800,서울특별시,중구,남대문로5가,H,1114054000,서울특별시,중구,회현동
662,강동한우리약국,서울특별시 강동구 올림픽로 778 (암사동),127.1279322,37.5504022,B,1174010700,서울특별시,강동구,암사동,H,1174057000,서울특별시,강동구,암사1동
663,웰팜약국,"서울특별시 성북구 길음로13길 22 상가동 210호 (길음동, 길음뉴타운7단지두산위브아파트)",127.0192671,37.6092194,B,1129013400,서울특별시,성북구,길음동,H,1129066000,서울특별시,성북구,길음1동
664,양재로하스약국,서울특별시 서초구 강남대로 48-6 1층 101호 (양재동),127.0400425,37.4691346,B,1165010200,서울특별시,서초구,양재동,H,1165065200,서울특별시,서초구,양재2동
665,영원약국,서울특별시 강남구 봉은사로 108 1층 (역삼동),127.0256122,37.5045463,B,1168010100,서울특별시,강남구,역삼동,H,1168064000,서울특별시,강남구,역삼1동
666,태평양약국,서울특별시 강서구 등촌로 71 1층 (등촌동),126.8632171,37.5363925,B,1150010200,서울특별시,강서구,등촌동,H,1150053000,서울특별시,강서구,등촌2동
667,제인약국,"서울특별시 서대문구 통일로 442-3 (홍제동, 1층, 2층)",126.9447948,37.5887108,B,1141011100,서울특별시,서대문구,홍제동,H,1141064000,서울특별시,서대문구,홍제3동
668,밝은세상하나약국,서울특별시 동작구 사당로 236 (사당동),126.9738228,37.4831712,B,1159010700,서울특별시,동작구,사당동,H,1159065000,서울특별시,동작구,사당4동
669,빠른대학온누리약국,서울특별시 강서구 마곡중앙4로 74 이웰메디파크 101-103호 (마곡동),126.8349216,37.5578848,B,1150010500,서울특별시,강서구,마곡동,H,1150061100,서울특별시,강서구,발산1동
670,팜메이트하나로약국,서울특별시 양천구 오목로 68 (신월동),126.845183,37.5225849,B,1147010300,서울특별시,양천구,신월동,H,1147057000,서울특별시,양천구,신월2동
671,호원엠약국,서울특별시 강동구 성내로 66 (성내동),127.1270918,37.5276513,B,1174010800,서울특별시,강동구,성내동,H,1174064000,서울특별시,강동구,성내1동
672,메디피아약국,"서울특별시 강남구 강남대로 242 1층 (도곡동, 크리스탈빌딩)",127.0341031,37.485373,B,1168011800,서울특별시,강남구,도곡동,H,1168065500,서울특별시,강남구,도곡1동
673,이화약국,서울특별시 동작구 양녕로38길 2 (상도1동),126.9506927,37.5049166,B,1159010300,서울특별시,동작구,상도1동,H,1159053000,서울특별시,동작구,상도1동
674,한빛평화약국,서울특별시 동작구 시흥대로 664 (신대방동),126.90844,37.4907024,B,1159010900,서울특별시,동작구,신대방동,H,1159067000,서울특별시,동작구,신대방1동
675,경도약국,서울특별시 영등포구 여의대방로 383 (여의도동),126.9315136,37.5193464,B,1156011000,서울특별시,영등포구,여의도동,H,1156054000,서울특별시,영등포구,여의동
676,새난곡약국,서울특별시 관악구 난곡로 210 2층 (신림동),126.9185505,37.4737442,B,1162010200,서울특별시,관악구,신림동,H,1162077500,서울특별시,관악구,난곡동
677,제일약국,서울특별시 영등포구 신길로 141 지하층 2호 (신길동),126.9103158,37.5050176,B,1156013200,서울특별시,영등포구,신길동,H,1156065000,서울특별시,영등포구,신길3동
678,굿모닝약국,"서울특별시 서초구 신반포로 176 125호 (반포동, 센트럴시티)",127.0032131,37.5049178,B,1165010700,서울특별시,서초구,반포동,H,1165058100,서울특별시,서초구,반포4동
679,관악소망약국,서울특별시 관악구 남부순환로 1838 2층 (봉천동),126.9539797,37.4804451,B,1162010100,서울특별시,관악구,봉천동,H,1162058500,서울특별시,관악구,낙성대동
680,바른약국,서울특별시 강남구 남부순환로 2927 대치 클래시아 1층 105호 (대치동),127.0603963,37.4935668,B,1168010600,서울특별시,강남구,대치동,H,1168060000,서울특별시,강남구,대치1동
681,보람약국,서울특별시 서초구 서초중앙로 239 (반포동),127.0108591,37.5032427,B,1165010700,서울특별시,서초구,반포동,H,1165058100,서울특별시,서초구,반포4동
682,구름약국,서울특별시 노원구 섬밭로 152 공릉아파트2단지상가 1층 101호 (공릉동),127.0683015,37.6299419,B,1135010300,서울특별시,노원구,공릉동,H,1135059500,서울특별시,노원구,공릉1동
683,방학태평양약국,"서울특별시 도봉구 도당로 80 1층 (방학동, 방학동근생)",127.0363673,37.6648434,B,1132010600,서울특별시,도봉구,방학동,H,1132069000,서울특별시,도봉구,방학1동
684,수약국,"서울특별시 서초구 동작대로 134 5층 (방배동, 가나안빌딩)",126.9827975,37.4886136,B,1165010100,서울특별시,서초구,방배동,H,1165062100,서울특별시,서초구,방배4동
685,힘찬약국,서울특별시 영등포구 디지털로37길 9-5 (대림동),126.8986882,37.4892826,B,1156013300,서울특별시,영등포구,대림동,H,1156071000,서울특별시,영등포구,대림2동
686,문정약국,서울특별시 송파구 동남로4길 25 (문정동),127.1249932,37.4879498,B,1171010800,서울특별시,송파구,문정동,H,1171064100,서울특별시,송파구,문정1동
687,우리약국,서울특별시 도봉구 도봉로 551-10 (쌍문동),127.0374885,37.6546317,B,1132010500,서울특별시,도봉구,쌍문동,H,1132067000,서울특별시,도봉구,쌍문2동
688,백화점약국,서울특별시 종로구 종로 234-1 (종로5가),127.0037425,37.5707752,B,1111016300,서울특별시,종로구,종로5가,H,1111063000,서울특별시,종로구,종로5.6가동
689,생각하는약국,서울특별시 서초구 청계산로9길 70 105호 (내곡동),127.059914,37.4534234,B,1165010900,서울특별시,서초구,내곡동,H,1165066000,서울특별시,서초구,내곡동
690,고려약국,서울특별시 중랑구 상봉로 49 (면목동),127.0933935,37.5902643,B,1126010100,서울특별시,중랑구,면목동,H,1126056500,서울특별시,중랑구,면목본동
691,동성온누리약국,서울특별시 성북구 안암로 105 (안암동5가),127.0314412,37.5851166,B,1129012500,서울특별시,성북구,안암동5가,H,1129060000,서울특별시,성북구,안암동
692,상쾌한온누리약국,서울특별시 은평구 역말로 101 토마스빌딩 101호 (역촌동),126.9201196,37.6084684,B,1138010800,서울특별시,은평구,역촌동,H,1138062500,서울특별시,은평구,역촌동
693,황인재약국,"서울특별시 노원구 초안산로1길 18 101호 (월계동, 주공아파트상가)",127.0523375,37.6285801,B,1135010200,서울특별시,노원구,월계동,H,1135057000,서울특별시,노원구,월계2동
694,메디팜보배약국,서울특별시 성동구 아차산로7길 19 (성수동2가),127.054704,37.5468641,B,1120011500,서울특별시,성동구,성수동2가,H,1120069000,서울특별시,성동구,성수2가3동
695,참좋은약국,"서울특별시 강남구 테헤란로87길 17 103호 (삼성동, 마젤란21상가)",127.0583424,37.5087437,B,1168010500,서울특별시,강남구,삼성동,H,1168058000,서울특별시,강남구,삼성1동
696,양지약국,서울특별시 강동구 진황도로61길 56 (둔촌동),127.1461169,37.5282025,B,1174010600,서울특별시,강동구,둔촌동,H,1174070000,서울특별시,강동구,둔촌2동
697,3층메디칼약국,"서울특별시 송파구 양재대로 1222 23-1호및 23호(일부호 (방이동, 올림픽프라자)",127.1310643,37.515729,B,1171011100,서울특별시,송파구,방이동,H,1171056600,서울특별시,송파구,오륜동
698,백제약국,서울특별시 서대문구 홍은중앙로 98 (홍은동),126.9481705,37.5991573,B,1141011800,서울특별시,서대문구,홍은동,H,1141066000,서울특별시,서대문구,홍은1동
699,국송약국,"서울특별시 강남구 광평로51길 49 108호 (수서동, 주공A1단지상가)",127.1008768,37.4920952,B,1168011500,서울특별시,강남구,수서동,H,1168075000,서울특별시,강남구,수서동
700,건강샘온누리약국,서울특별시 강서구  까치산로 73 1층 (화곡동),126.8469479,37.5452639,B,1150010300,서울특별시,강서구,화곡동,H,1150059000,서울특별시,강서구,화곡본동
701,서부약국,"서울특별시 노원구 동일로 1551 삼전빌딩 1층 101,102,107,108호 (상계동)",127.056869,37.6668972,B,1135010500,서울특별시,노원구,상계동,H,1135070000,서울특별시,노원구,상계8동
702,태린약국,서울특별시 강동구 고덕로 133 5층 513호 (암사동),127.1403474,37.5552527,B,1174010700,서울특별시,강동구,암사동,H,1174059000,서울특별시,강동구,암사3동
703,성문약국,"서울특별시 금천구 한내로 69-15 1317-107호 (독산동, 주공아파트)",126.8873951,37.4577246,B,1154510200,서울특별시,금천구,독산동,H,1154561000,서울특별시,금천구,독산1동
704,정암산약국,서울특별시 금천구 시흥대로 192 (시흥동),126.9023471,37.4511094,B,1154510300,서울특별시,금천구,시흥동,H,1154567000,서울특별시,금천구,시흥1동
705,중앙당약국,"서울특별시 송파구 오금로38길 5-25 (가락동, 현대상가 101호)",127.1298732,37.5000362,B,1171010700,서울특별시,송파구,가락동,H,1171063200,서울특별시,송파구,가락2동
706,단골온누리약국,"서울특별시 종로구 지봉로 50 (숭인동, 필빌딩)",127.015986,37.5744986,B,1111017500,서울특별시,종로구,숭인동,H,1111070000,서울특별시,종로구,숭인1동
707,성산현대약국,"서울특별시 마포구 월드컵로 205 101호 (성산동, 성산임대아파트 상가동)",126.9015262,37.5651006,B,1144012500,서울특별시,마포구,성산동,H,1144073000,서울특별시,마포구,성산2동
708,신림당약국,서울특별시 관악구 관천로 17 (신림동),126.928418,37.4816671,B,1162010200,서울특별시,관악구,신림동,H,1162065500,서울특별시,관악구,신원동
709,온누리사랑약국,서울특별시 중랑구 용마산로 438 (면목동),127.0975818,37.5902945,B,1126010100,서울특별시,중랑구,면목동,H,1126057500,서울특별시,중랑구,면목제3.8동
710,번동약국,서울특별시 강북구 오현로32길 4-3 1층 (번동),127.0398658,37.6284321,B,1130510200,서울특별시,강북구,번동,H,1130560800,서울특별시,강북구,번3동
711,지영오행당약국,서울특별시 종로구 성균관로 32-2 (명륜2가),126.9970925,37.5855487,B,1111017100,서울특별시,종로구,명륜2가,H,1111065000,서울특별시,종로구,혜화동
712,연서메디칼약국,서울특별시 은평구 연서로 253-9 1층 (불광동),126.9228457,37.6201724,B,1138010300,서울특별시,은평구,불광동,H,1138053000,서울특별시,은평구,불광2동
713,선영약국,서울특별시 강북구 노해로23길 73 (수유동),127.0195831,37.6460266,B,1130510300,서울특별시,강북구,수유동,H,1130562500,서울특별시,강북구,수유2동
714,메디팜나은약국,"서울특별시 용산구 한강대로 211 110호 (한강로1가, 대우월드마크용산)",126.973093,37.5370975,B,1117012400,서울특별시,용산구,한강로1가,H,1117062500,서울특별시,용산구,한강로동
715,희정약국,"서울특별시 도봉구 마들로 859-19 109호 (도봉동, 한신아파트근린상가)",127.0480152,37.6862598,B,1132010800,서울특별시,도봉구,도봉동,H,1132052200,서울특별시,도봉구,도봉2동
716,진영약국,서울특별시 광진구 아차산로57길 42 (구의동),127.0886907,37.5403459,B,1121510300,서울특별시,광진구,구의동,H,1121585000,서울특별시,광진구,구의1동
717,인덕약국,"서울특별시 노원구 월계로 370 (월계동, 희성프라자 105호)",127.0609491,37.6310464,B,1135010200,서울특별시,노원구,월계동,H,1135058000,서울특별시,노원구,월계3동
718,연세약국,"서울특별시 노원구 노해로 492 204호 (상계동, 프린스빌딩)",127.0626968,37.6544635,B,1135010500,서울특별시,노원구,상계동,H,1135069500,서울특별시,노원구,상계6.7동
719,무지개온누리약국,서울특별시 노원구 화랑로 325 (월계동),127.0640504,37.6149399,B,1135010200,서울특별시,노원구,월계동,H,1135056000,서울특별시,노원구,월계1동
720,국제약국,서울특별시 성동구 독서당로 288-1 (금호동4가),127.0212469,37.5477742,B,1120011200,서울특별시,성동구,금호동4가,H,1120062000,서울특별시,성동구,금호4가동
721,유아약국,서울특별시 금천구 시흥대로104길 14 (독산동),126.8985363,37.4646086,B,1154510200,서울특별시,금천구,독산동,H,1154562000,서울특별시,금천구,독산2동
722,평화약국,서울특별시 서대문구 증가로 226 (북가좌동),126.9143723,37.5817556,B,1141011900,서울특별시,서대문구,북가좌동,H,1141072000,서울특별시,서대문구,북가좌2동
723,부광약국,"서울특별시 도봉구 덕릉로 398 120호 (창동, 주공17단지상가)",127.0531489,37.6457771,B,1132010700,서울특별시,도봉구,창동,H,1132051400,서울특별시,도봉구,창4동
724,수성약국,"서울특별시 중랑구 신내로 115 113호 (신내동, 도시개발(아)10단지)",127.094625,37.609432,B,1126010600,서울특별시,중랑구,신내동,H,1126069000,서울특별시,중랑구,신내2동
725,영일약국,서울특별시 강동구 풍성로37길 39-21 (성내동),127.1259499,37.5335767,B,1174010800,서울특별시,강동구,성내동,H,1174065000,서울특별시,강동구,성내2동
726,아이비하늘약국,서울특별시 영등포구 국제금융로 86 (여의도동),126.9321087,37.5197969,B,1156011000,서울특별시,영등포구,여의도동,H,1156054000,서울특별시,영등포구,여의동
727,신대영약국,서울특별시 광진구 구의강변로 22 (구의동),127.0918788,37.5329155,B,1121510300,서울특별시,광진구,구의동,H,1121587000,서울특별시,광진구,구의3동
728,온누리새전일약국,서울특별시 관악구 법원단지길 37 (신림동),126.9196898,37.4744905,B,1162010200,서울특별시,관악구,신림동,H,1162077500,서울특별시,관악구,난곡동
729,한마음약국,서울특별시 종로구 창경궁로 158 (원남동),126.9975942,37.5764239,B,1111015900,서울특별시,종로구,원남동,H,1111061500,서울특별시,종로구,종로1.2.3.4가동
730,고려약국,서울특별시 강동구 천호대로 1125 (길동),127.1368219,37.5348982,B,1174010500,서울특별시,강동구,길동,H,1174068500,서울특별시,강동구,길동
731,빛샘온누리약국,서울특별시 서초구 서초대로 331 1층 (서초동),127.0176552,37.4951577,B,1165010800,서울특별시,서초구,서초동,H,1165053100,서울특별시,서초구,서초4동
732,우주약국,"서울특별시 양천구 목동서로 280 (신정동, 목동아파트 8단지 상가)",126.8683043,37.5216388,B,1147010100,서울특별시,양천구,신정동,H,1147067000,서울특별시,양천구,신정6동
733,종원약국,서울특별시 강남구 강남대로118길 38 (논현동),127.0262268,37.507009,B,1168010800,서울특별시,강남구,논현동,H,1168052100,서울특별시,강남구,논현1동
734,올리브약국,서울특별시 중구 퇴계로 222 (필동2가),126.9964157,37.5615426,B,1114013800,서울특별시,중구,필동2가,H,1114057000,서울특별시,중구,필동
735,화일약국,"서울특별시 강남구 선릉로 328 1층 6,7호 (대치동)",127.0519153,37.4990383,B,1168010600,서울특별시,강남구,대치동,H,1168063000,서울특별시,강남구,대치4동
736,일신당약국,서울특별시 서대문구 신촌로 9 (창천동),126.9280604,37.5585189,B,1141011600,서울특별시,서대문구,창천동,H,1141058500,서울특별시,서대문구,신촌동
737,대우약국,서울특별시 서대문구 통일로40안길 3-1 (홍제동),126.9435067,37.59043,B,1141011100,서울특별시,서대문구,홍제동,H,1141064000,서울특별시,서대문구,홍제3동
738,새롬m약국,서울특별시 서대문구 증가로 85 (연희동),126.9267717,37.5748086,B,1141011700,서울특별시,서대문구,연희동,H,1141061500,서울특별시,서대문구,연희동
739,성우당약국,서울특별시 서대문구 연희로 114 지층 (연희동),126.9319343,37.5678388,B,1141011700,서울특별시,서대문구,연희동,H,1141061500,서울특별시,서대문구,연희동
740,모범약국,서울특별시 서대문구 증가로 129 (남가좌동),126.9232657,37.577282,B,1141012000,서울특별시,서대문구,남가좌동,H,1141070000,서울특별시,서대문구,남가좌2동
741,문화약국,서울특별시 양천구 지양로3길 10-1 (신월동),126.8357912,37.5186255,B,1147010300,서울특별시,양천구,신월동,H,1147061100,서울특별시,양천구,신월7동
742,신보건약국,서울특별시 서대문구 연세로5길 32 (창천동),126.9353823,37.5563652,B,1141011600,서울특별시,서대문구,창천동,H,1141058500,서울특별시,서대문구,신촌동
743,효성약국,서울특별시 종로구 창신길 95 (창신동),127.010319,37.575866,B,1111017400,서울특별시,종로구,창신동,H,1111068000,서울특별시,종로구,창신2동
744,동인약국,서울특별시 종로구 창신길 11 (창신동),127.0105439,37.5722122,B,1111017400,서울특별시,종로구,창신동,H,1111068000,서울특별시,종로구,창신2동
745,이약국,서울특별시 종로구 지봉로 43 (창신동),127.0154387,37.57407,B,1111017400,서울특별시,종로구,창신동,H,1111067000,서울특별시,종로구,창신1동
746,시민약국,서울특별시 종로구 자하문로 2 (적선동),126.9727473,37.5763638,B,1111010700,서울특별시,종로구,적선동,H,1111053000,서울특별시,종로구,사직동
747,새현대약국,서울특별시 종로구 사직로 130 38호 (적선동),126.9733437,37.5753767,B,1111010700,서울특별시,종로구,적선동,H,1111053000,서울특별시,종로구,사직동
748,유진온누리약국,"서울특별시 마포구 도화4길 73 104호 (도화동, 현대홈타운 상가동)",126.9511325,37.5387182,B,1144010400,서울특별시,마포구,도화동,H,1144058500,서울특별시,마포구,도화동
749,청자약국,서울특별시 종로구 명륜길 70 (명륜3가),126.9938647,37.5898211,B,1111017300,서울특별시,종로구,명륜3가,H,1111065000,서울특별시,종로구,혜화동
750,동호약국,서울특별시 종로구 성균관로 53 (명륜3가),126.9964575,37.5874315,B,1111017300,서울특별시,종로구,명륜3가,H,1111065000,서울특별시,종로구,혜화동
751,제일성모약국,서울특별시 동대문구 약령시로 126 1층 (청량리동),127.0439635,37.5829493,B,1123010700,서울특별시,동대문구,청량리동,H,1123070500,서울특별시,동대문구,청량리동
752,한독약국,서울특별시 종로구 동숭길 52 (동숭동),127.0044499,37.5805788,B,1111016800,서울특별시,종로구,동숭동,H,1111064000,서울특별시,종로구,이화동
753,대경약국,서울특별시 종로구 종로51나길 2 (창신동),127.0122924,37.5726665,B,1111017400,서울특별시,종로구,창신동,H,1111067000,서울특별시,종로구,창신1동
754,보건약국,"서울특별시 노원구 노원로 333 104호 (중계동, 시영3단지상가)",127.0697643,37.6465817,B,1135010600,서울특별시,노원구,중계동,H,1135062500,서울특별시,노원구,중계2.3동
755,강남메디칼약국,"서울특별시 서초구 방배로 174 1층 (방배동, 태창빌딩)",126.9930611,37.4891828,B,1165010100,서울특별시,서초구,방배동,H,1165062100,서울특별시,서초구,방배4동
756,정성약국,서울특별시 종로구 종로 399 (숭인동),127.0215975,37.5751475,B,1111017500,서울특별시,종로구,숭인동,H,1111071000,서울특별시,종로구,숭인2동
757,부일약국,서울특별시 중구 청구로14길 45 (신당동),127.0131325,37.5627787,B,1114016200,서울특별시,중구,신당동,H,1114061500,서울특별시,중구,신당동
758,자연주의약국,"서울특별시 강서구 화곡로 194-26 (화곡동, 모아빌딩)",126.8426106,37.5420034,B,1150010300,서울특별시,강서구,화곡동,H,1150059000,서울특별시,강서구,화곡본동
759,한우리약국,서울특별시 강서구 까치산로 151 104호 (화곡동),126.8521182,37.550966,B,1150010300,서울특별시,강서구,화곡동,H,1150059100,서울특별시,강서구,화곡6동
760,좋은약국,"서울특별시 노원구 노해로 502 1층 (상계동, KT노원플라자별관)",127.0636241,37.654566,B,1135010500,서울특별시,노원구,상계동,H,1135069500,서울특별시,노원구,상계6.7동
761,텐즈힐약국,"서울특별시 성동구 마장로 137 221동 2층 110호 (상왕십리동, 텐즈힐)",127.0248134,37.5692575,B,1120010100,서울특별시,성동구,상왕십리동,H,1120053500,서울특별시,성동구,왕십리도선동
762,초록약국,"서울특별시 서초구 바우뫼로7길 8 501호 (우면동, 세신상가)",127.0253951,37.4708599,B,1165010300,서울특별시,서초구,우면동,H,1165065100,서울특별시,서초구,양재1동
763,콩약국,"서울특별시 성북구 길음로 20 길음뉴타운,래미안길음3차아파트 상가 3층 315호 (길음동)",127.023066,37.6047272,B,1129013400,서울특별시,성북구,길음동,H,1129066000,서울특별시,성북구,길음1동
764,힘챤약국,서울특별시 성북구 보국문로 16-1 (정릉동),127.0112895,37.6061259,B,1129013300,서울특별시,성북구,정릉동,H,1129063000,서울특별시,성북구,정릉2동
765,맑은하늘약국,서울특별시 강남구 개포로 265 개포동 메디시스빌딩 1층 101호 (개포동),127.0530052,37.4808633,B,1168010300,서울특별시,강남구,개포동,H,1168069000,서울특별시,강남구,개포4동
766,열린약국,서울특별시 강동구 상암로 104 A동 101호 (천호동),127.1341178,37.5471484,B,1174010900,서울특별시,강동구,천호동,H,1174061000,서울특별시,강동구,천호2동
767,미션약국,"서울특별시 노원구 동일로 1533 102호 (상계동, 백산빌딩)",127.0572639,37.6653534,B,1135010500,서울특별시,노원구,상계동,H,1135070000,서울특별시,노원구,상계8동
768,하늘약국,서울특별시 서초구 사임당로 158 리더스원 상가 5층 501호 (서초동),126.9615644,37.5077317,B,1159010500,서울특별시,동작구,흑석동,H,1159060500,서울특별시,동작구,흑석동
769,예사랑약국,"서울특별시 용산구 이촌로 352 103호 (용산동6가, 신동아쇼핑)",126.9851878,37.5173888,B,1117013500,서울특별시,용산구,용산동6가,H,1117069000,서울특별시,용산구,서빙고동
770,메디안약국,"서울특별시 서초구 강남대로 455 3층 305호 (서초동, 강남태영데시앙루브)",127.0245612,37.502832,B,1165010800,서울특별시,서초구,서초동,H,1165053100,서울특별시,서초구,서초4동
771,옵티마자연약국,"서울특별시 양천구 신목로 102 (목동, 대경프라자)",126.8757887,37.5235719,B,1147010200,서울특별시,양천구,목동,H,1147051000,서울특별시,양천구,목1동
772,참약사약국,"서울특별시 성북구 종암로 122 1층 (종암동, 시원빌딩)",127.0339268,37.6011698,B,1129013500,서울특별시,성북구,종암동,H,1129070500,서울특별시,성북구,종암동
773,윤약국,서울특별시 강동구 양재대로 1365 심포니타워 110호 (성내동),127.1359371,37.52805,B,1174010800,서울특별시,강동구,성내동,H,1174066000,서울특별시,강동구,성내3동
774,소명약국,서울특별시 서대문구 모래내로15길 68 (남가좌동),126.9188423,37.5745363,B,1141012000,서울특별시,서대문구,남가좌동,H,1141070000,서울특별시,서대문구,남가좌2동
775,미르약국,"서울특별시 은평구 백련산로 84 211호 (응암동, 백련산 힐스테이트 2차(211동상가))",126.9236269,37.5929895,B,1138010700,서울특별시,은평구,응암동,H,1138059000,서울특별시,은평구,응암2동
776,송파샘약국,"서울특별시 송파구 송파대로 345 1A동 2040호 (가락동, 헬리오시티)",127.1072604,37.4976183,B,1171010700,서울특별시,송파구,가락동,H,1171063100,서울특별시,송파구,가락1동
777,연세참사랑약국,서울특별시 노원구 동일로 992 101호 (공릉동),127.0756329,37.6188009,B,1135010300,서울특별시,노원구,공릉동,H,1135059500,서울특별시,노원구,공릉1동
778,영보약국,서울특별시 송파구 백제고분로 202 (삼전동),127.0890209,37.503824,B,1171010600,서울특별시,송파구,삼전동,H,1171061000,서울특별시,송파구,삼전동
779,바른메디컬약국,"서울특별시 영등포구 여의대방로 145 1층 (신길동, 세인트빌딩)",126.9199903,37.5002105,B,1156013200,서울특별시,영등포구,신길동,H,1156068000,서울특별시,영등포구,신길6동
780,강남퍼스트약국,"서울특별시 강남구 도산대로 104 1층 (논현동, 1st Avenue)",127.0203412,37.5160775,B,1168010800,서울특별시,강남구,논현동,H,1168052100,서울특별시,강남구,논현1동
781,신월우리약국,"서울특별시 양천구 월정로 51 104호 (신월동, 청송프라임)",126.8416565,37.5242324,B,1147010300,서울특별시,양천구,신월동,H,1147059000,서울특별시,양천구,신월4동
782,우리네온누리약국,서울특별시 구로구 디지털로27길 116 (구로동),126.8879775,37.4848966,B,1153010200,서울특별시,구로구,구로동,H,1153054000,서울특별시,구로구,구로3동
783,제일약국,서울특별시 동작구 여의대방로36길 5 (대방동),126.9225488,37.5041841,B,1159010800,서울특별시,동작구,대방동,H,1159066000,서울특별시,동작구,대방동
784,한성약국,"서울특별시 양천구 목동로 201 1층 (신정동, 한성빌딩)",126.8639466,37.5264605,B,1147010100,서울특별시,양천구,신정동,H,1147065000,서울특별시,양천구,신정4동
785,후생약국,"서울특별시 노원구 동일로227길 26 2층 (상계동, 상계주공아파트15단지상가)",127.055611,37.6683012,B,1135010500,서울특별시,노원구,상계동,H,1135070000,서울특별시,노원구,상계8동
786,온누리보람약국,"서울특별시 노원구 한글비석로 474 153호 (상계동, 보람상가)",127.0654593,37.6648282,B,1135010500,서울특별시,노원구,상계동,H,1135071000,서울특별시,노원구,상계9동
787,건강한약국,서울특별시 강동구 구천면로 231 (천호동),127.1299936,37.5414753,B,1174010900,서울특별시,강동구,천호동,H,1174061000,서울특별시,강동구,천호2동
788,아름다운약국,"서울특별시 마포구 마포대로24길 56 1층 (아현동, 보령빌딩)",126.961928,37.551547,B,1144010100,서울특별시,마포구,아현동,H,1144056500,서울특별시,마포구,공덕동
789,우선약국,"서울특별시 중랑구 봉화산로 61 1층 (중화동, 정신빌딩)",127.0813305,37.601781,B,1126010300,서울특별시,중랑구,중화동,H,1126060000,서울특별시,중랑구,중화1동
790,무지개약국,서울특별시 광진구 뚝섬로 498-1 (자양동),127.0655694,37.5359179,B,1121510500,서울특별시,광진구,자양동,H,1121584700,서울특별시,광진구,자양4동
791,보람온누리약국,"서울특별시 중랑구 신내로21길 16 204호 (묵동, 신내두산아파트 상가동)",127.0882004,37.6169334,B,1126010400,서울특별시,중랑구,묵동,H,1126062000,서울특별시,중랑구,묵1동
792,조이약국,"서울특별시 강동구 천호대로 1006 F동 306호 (성내동, 브라운스톤천호)",127.1237896,37.5380133,B,1174010800,서울특별시,강동구,성내동,H,1174065000,서울특별시,강동구,성내2동
793,푸른약국,서울특별시 도봉구 도봉로180나길 34 1층 (도봉동),127.04959,37.6837813,B,1132010800,서울특별시,도봉구,도봉동,H,1132052200,서울특별시,도봉구,도봉2동
794,보라매미소약국,"서울특별시 영등포구 신풍로 93 메트하임 1층 114,116,117호 (신길동)",126.916644,37.5002673,B,1156013200,서울특별시,영등포구,신길동,H,1156068000,서울특별시,영등포구,신길6동
795,은약국,서울특별시 금천구 시흥대로 224 금천리메인시티 102호 (시흥동),126.9013002,37.4539296,B,1154510300,서울특별시,금천구,시흥동,H,1154567000,서울특별시,금천구,시흥1동
796,맑은약국,"서울특별시 영등포구 당산로 42 (문래동3가,삼성홈플러스빌딩 지하1층)",126.8958979,37.5182376,B,1156012100,서울특별시,영등포구,문래동3가,H,1156060500,서울특별시,영등포구,문래동
797,자성당약국,서울특별시 강서구 방화대로21길 76 (공항동),126.812522,37.5639976,B,1150010800,서울특별시,강서구,공항동,H,1150062000,서울특별시,강서구,공항동
798,김약국,서울특별시 관악구 남부순환로 1601-1 1층 (신림동),126.9286294,37.4843821,B,1162010200,서울특별시,관악구,신림동,H,1162069500,서울특별시,관악구,신림동
